0.1713	-0.4984	-0.0718	0.5319	0.0	0.0	0.0	0.0
0.171	-0.4985	-0.0717	0.5319	0.0	0.0	0.0	0.0
0.1711	-0.4982	-0.0717	0.5316	0.0	0.0	0.0	0.0
0.1711	-0.4983	-0.0717	0.5317	0.0	0.0	0.0	0.0
0.1712	-0.4983	-0.0716	0.5318	0.0	0.0	0.0	0.0
0.1713	-0.4984	-0.072	0.5319	0.0	0.0	0.0	0.0
0.171	-0.4985	-0.0719	0.5319	0.0	0.0	0.0	0.0
0.1711	-0.4986	-0.0722	0.532	0.0	0.0	0.0	0.0
0.1707	-0.4986	-0.0722	0.532	0.0	0.0	0.0	0.0
0.1708	-0.4987	-0.0725	0.5322	0.0	0.0	0.0	0.0
0.1706	-0.4985	-0.0728	0.5318	0.0	0.0	0.0	0.0
0.1706	-0.4985	-0.0726	0.5319	0.0	0.0	0.0	0.0
0.1707	-0.4982	-0.0725	0.5316	0.0	0.0	0.0	0.0
0.1708	-0.4983	-0.0728	0.5318	0.0	0.0	0.0	0.0
0.1709	-0.4984	-0.0727	0.5318	0.0	0.0	0.0	0.0
0.1709	-0.4985	-0.0726	0.5319	0.0	0.0	0.0	0.0
0.171	-0.4985	-0.0724	0.532	0.0	0.0	0.0	0.0
0.1711	-0.4986	-0.0723	0.5321	0.0	0.0	0.0	0.0
0.1712	-0.4987	-0.0726	0.5322	0.0	0.0	0.0	0.0
0.1713	-0.4988	-0.0724	0.5323	0.0	0.0	0.0	0.0
0.1709	-0.4988	-0.0723	0.5323	0.0	0.0	0.0	0.0
0.171	-0.4989	-0.0722	0.5323	0.0	0.0	0.0	0.0
0.1707	-0.499	-0.0721	0.5323	0.0	0.0	0.0	0.0
0.1708	-0.4991	-0.0723	0.5324	0.0	0.0	0.0	0.0
0.1705	-0.4992	-0.0722	0.5324	0.0	0.0	0.0	0.0
0.1701	-0.4988	-0.0725	0.532	0.0	0.0	0.0	0.0
0.1699	-0.4985	-0.0727	0.5317	0.0	0.0	0.0	0.0
0.1695	-0.4986	-0.0726	0.5316	0.0	0.0	0.0	0.0
0.1692	-0.4983	-0.0725	0.5312	0.0	0.0	0.0	0.0
0.1693	-0.4984	-0.0724	0.5313	0.0	0.0	0.0	0.0
0.1694	-0.4984	-0.0722	0.5314	0.0	0.0	0.0	0.0
0.1695	-0.4985	-0.0725	0.5315	0.0	0.0	0.0	0.0
0.1695	-0.4986	-0.0727	0.5316	0.0	0.0	0.0	0.0
0.1696	-0.4987	-0.0726	0.5317	0.0	0.0	0.0	0.0
0.1697	-0.4983	-0.0728	0.5315	0.0	0.0	0.0	0.0
0.1694	-0.498	-0.0727	0.531	0.0	0.0	0.0	0.0
0.1695	-0.4977	-0.0729	0.5308	0.0	0.0	0.0	0.0
0.1696	-0.4978	-0.0728	0.5309	0.0	0.0	0.0	0.0
0.1696	-0.4975	-0.0727	0.5306	0.0	0.0	0.0	0.0
0.1697	-0.498	-0.0726	0.5311	0.0	0.0	0.0	0.0
0.1694	-0.4981	-0.0725	0.5311	0.0	0.0	0.0	0.0
0.1691	-0.4982	-0.0724	0.531	0.0	0.0	0.0	0.0
0.1693	-0.4982	-0.0722	0.5311	0.0	0.0	0.0	0.0
0.1694	-0.4983	-0.0721	0.5312	0.0	0.0	0.0	0.0
0.1696	-0.4984	-0.072	0.5314	0.0	0.0	0.0	0.0
0.1696	-0.4981	-0.0719	0.5311	0.0	0.0	0.0	0.0
0.1697	-0.4978	-0.0718	0.5308	0.0	0.0	0.0	0.0
0.1698	-0.4974	-0.072	0.5305	0.0	0.0	0.0	0.0
0.1699	-0.4975	-0.0719	0.5306	0.0	0.0	0.0	0.0
0.17	-0.4976	-0.0718	0.5307	0.0	0.0	0.0	0.0
0.1696	-0.498	-0.0717	0.531	0.0	0.0	0.0	0.0
0.1697	-0.4981	-0.0719	0.5312	0.0	0.0	0.0	0.0
0.1698	-0.4979	-0.0722	0.5309	0.0	0.0	0.0	0.0
0.1699	-0.4979	-0.072	0.531	0.0	0.0	0.0	0.0
0.17	-0.4976	-0.0723	0.5308	0.0	0.0	0.0	0.0
0.1701	-0.4977	-0.0721	0.5309	0.0	0.0	0.0	0.0
0.1701	-0.4974	-0.072	0.5306	0.0	0.0	0.0	0.0
0.1702	-0.4975	-0.0719	0.5307	0.0	0.0	0.0	0.0
0.1703	-0.4976	-0.0718	0.5308	0.0	0.0	0.0	0.0
0.1704	-0.4977	-0.072	0.5309	0.0	0.0	0.0	0.0
0.1704	-0.4977	-0.0722	0.5311	0.0	0.0	0.0	0.0
0.1701	-0.4978	-0.0725	0.5311	0.0	0.0	0.0	0.0
0.1702	-0.4979	-0.0724	0.5311	0.0	0.0	0.0	0.0
0.1703	-0.498	-0.0726	0.5313	0.0	0.0	0.0	0.0
0.1703	-0.4977	-0.0725	0.531	0.0	0.0	0.0	0.0
0.1704	-0.4973	-0.0723	0.5307	0.0	0.0	0.0	0.0
0.1705	-0.497	-0.0722	0.5304	0.0	0.0	0.0	0.0
0.1706	-0.4971	-0.0721	0.5305	0.0	0.0	0.0	0.0
0.1703	-0.4972	-0.0723	0.5305	0.0	0.0	0.0	0.0
0.1703	-0.4972	-0.0722	0.5306	0.0	0.0	0.0	0.0
0.17	-0.4973	-0.0721	0.5305	0.0	0.0	0.0	0.0
0.1701	-0.4974	-0.0723	0.5306	0.0	0.0	0.0	0.0
0.1702	-0.4971	-0.0722	0.5304	0.0	0.0	0.0	0.0
0.1703	-0.4972	-0.0725	0.5305	0.0	0.0	0.0	0.0
0.1703	-0.4969	-0.0723	0.5302	0.0	0.0	0.0	0.0
0.1704	-0.4969	-0.0722	0.5303	0.0	0.0	0.0	0.0
0.1701	-0.497	-0.0721	0.5302	0.0	0.0	0.0	0.0
0.1702	-0.4971	-0.072	0.5303	0.0	0.0	0.0	0.0
0.1702	-0.4972	-0.0719	0.5304	0.0	0.0	0.0	0.0
0.1703	-0.4972	-0.0718	0.5305	0.0	0.0	0.0	0.0
0.1704	-0.4969	-0.0716	0.5302	0.0	0.0	0.0	0.0
0.1705	-0.4966	-0.0715	0.5299	0.0	0.0	0.0	0.0
0.1706	-0.4963	-0.0714	0.5296	0.0	0.0	0.0	0.0
0.1707	-0.4959	-0.0713	0.5293	0.0	0.0	0.0	0.0
0.1707	-0.4961	-0.0712	0.5294	0.0	0.0	0.0	0.0
0.1708	-0.4962	-0.071	0.5296	0.0	0.0	0.0	0.0
0.1709	-0.4964	-0.0713	0.5298	0.0	0.0	0.0	0.0
0.171	-0.4965	-0.0712	0.5299	0.0	0.0	0.0	0.0
0.171	-0.4967	-0.0714	0.5301	0.0	0.0	0.0	0.0
0.1711	-0.4965	-0.0716	0.53	0.0	0.0	0.0	0.0
0.1708	-0.4967	-0.0719	0.5301	0.0	0.0	0.0	0.0
0.1712	-0.4968	-0.0717	0.5304	0.0	0.0	0.0	0.0
0.1713	-0.4966	-0.0716	0.5302	0.0	0.0	0.0	0.0
0.1714	-0.4963	-0.0715	0.5299	0.0	0.0	0.0	0.0
0.1714	-0.4961	-0.0714	0.5297	0.0	0.0	0.0	0.0
0.1711	-0.4959	-0.0713	0.5294	0.0	0.0	0.0	0.0
0.1712	-0.496	-0.0712	0.5295	0.0	0.0	0.0	0.0
0.1713	-0.4962	-0.071	0.5297	0.0	0.0	0.0	0.0
0.1713	-0.4963	-0.0709	0.5299	0.0	0.0	0.0	0.0
0.1718	-0.4965	-0.0708	0.5301	0.0	0.0	0.0	0.0
0.1718	-0.4967	-0.0707	0.5303	0.0	0.0	0.0	0.0
0.1718	-0.4968	-0.0705	0.5304	0.0	0.0	0.0	0.0
0.1718	-0.497	-0.0708	0.5306	0.0	0.0	0.0	0.0
0.1718	-0.4971	-0.0707	0.5307	0.0	0.0	0.0	0.0
0.1718	-0.4969	-0.0705	0.5305	0.0	0.0	0.0	0.0
0.1718	-0.4971	-0.0705	0.5306	0.0	0.0	0.0	0.0
0.1718	-0.4972	-0.0705	0.5308	0.0	0.0	0.0	0.0
0.1718	-0.4974	-0.0704	0.5309	0.0	0.0	0.0	0.0
0.1718	-0.4975	-0.0704	0.531	0.0	0.0	0.0	0.0
0.1718	-0.4977	-0.0707	0.5313	0.0	0.0	0.0	0.0
0.1714	-0.4975	-0.0707	0.5309	0.0	0.0	0.0	0.0
0.1714	-0.4972	-0.0707	0.5307	0.0	0.0	0.0	0.0
0.1711	-0.4973	-0.0706	0.5307	0.0	0.0	0.0	0.0
0.1711	-0.4971	-0.0706	0.5304	0.0	0.0	0.0	0.0
0.1711	-0.4972	-0.0706	0.5306	0.0	0.0	0.0	0.0
0.1711	-0.4974	-0.0705	0.5307	0.0	0.0	0.0	0.0
0.1711	-0.4975	-0.0705	0.5309	0.0	0.0	0.0	0.0
0.1711	-0.4977	-0.0704	0.531	0.0	0.0	0.0	0.0
0.1711	-0.4979	-0.0704	0.5311	0.0	0.0	0.0	0.0
0.1711	-0.4979	-0.0707	0.5313	0.0	0.0	0.0	0.0
0.1711	-0.498	-0.071	0.5314	0.0	0.0	0.0	0.0
0.1711	-0.4981	-0.0714	0.5315	0.0	0.0	0.0	0.0
0.1708	-0.4982	-0.0713	0.5314	0.0	0.0	0.0	0.0
0.1708	-0.4983	-0.0713	0.5315	0.0	0.0	0.0	0.0
0.1704	-0.4983	-0.0716	0.5315	0.0	0.0	0.0	0.0
0.1705	-0.498	-0.072	0.5313	0.0	0.0	0.0	0.0
0.1706	-0.4977	-0.0719	0.531	0.0	0.0	0.0	0.0
0.1706	-0.4974	-0.0719	0.5307	0.0	0.0	0.0	0.0
0.1703	-0.4975	-0.0719	0.5307	0.0	0.0	0.0	0.0
0.1704	-0.4975	-0.0718	0.5308	0.0	0.0	0.0	0.0
0.1705	-0.4976	-0.0721	0.5309	0.0	0.0	0.0	0.0
0.1706	-0.4977	-0.0721	0.531	0.0	0.0	0.0	0.0
0.1703	-0.4978	-0.072	0.531	0.0	0.0	0.0	0.0
0.1704	-0.4979	-0.072	0.5311	0.0	0.0	0.0	0.0
0.17	-0.4979	-0.0723	0.5311	0.0	0.0	0.0	0.0
0.1701	-0.498	-0.0725	0.5312	0.0	0.0	0.0	0.0
0.1702	-0.4977	-0.0724	0.531	0.0	0.0	0.0	0.0
0.1703	-0.4974	-0.0726	0.5308	0.0	0.0	0.0	0.0
0.1704	-0.4971	-0.0729	0.5305	0.0	0.0	0.0	0.0
0.17	-0.4972	-0.0728	0.5305	0.0	0.0	0.0	0.0
0.1697	-0.4973	-0.073	0.5305	0.0	0.0	0.0	0.0
0.1698	-0.4974	-0.0729	0.5306	0.0	0.0	0.0	0.0
0.1699	-0.4978	-0.0724	0.531	0.0	0.0	0.0	0.0
0.1695	-0.4983	-0.0718	0.5312	0.0	0.0	0.0	0.0
0.1696	-0.4984	-0.0717	0.5313	0.0	0.0	0.0	0.0
0.1697	-0.4985	-0.0719	0.5314	0.0	0.0	0.0	0.0
0.1697	-0.4982	-0.0722	0.5312	0.0	0.0	0.0	0.0
0.1698	-0.4978	-0.0729	0.531	0.0	0.0	0.0	0.0
0.1699	-0.4976	-0.0731	0.5308	0.0	0.0	0.0	0.0
0.17	-0.4972	-0.0733	0.5306	0.0	0.0	0.0	0.0
0.1701	-0.4973	-0.0732	0.5307	0.0	0.0	0.0	0.0
0.1702	-0.4974	-0.0726	0.5307	0.0	0.0	0.0	0.0
0.1702	-0.4979	-0.0721	0.5311	0.0	0.0	0.0	0.0
0.1703	-0.498	-0.072	0.5312	0.0	0.0	0.0	0.0
0.1701	-0.498	-0.0722	0.5312	0.0	0.0	0.0	0.0
0.1697	-0.4981	-0.0724	0.5312	0.0	0.0	0.0	0.0
0.1698	-0.4982	-0.0726	0.5313	0.0	0.0	0.0	0.0
0.1699	-0.4978	-0.0725	0.531	0.0	0.0	0.0	0.0
0.1696	-0.4975	-0.0724	0.5306	0.0	0.0	0.0	0.0
0.1692	-0.4976	-0.0719	0.5305	0.0	0.0	0.0	0.0
0.169	-0.4976	-0.0715	0.5304	0.0	0.0	0.0	0.0
0.169	-0.4977	-0.0713	0.5305	0.0	0.0	0.0	0.0
0.1687	-0.4978	-0.0712	0.5304	0.0	0.0	0.0	0.0
0.1684	-0.4979	-0.0714	0.5304	0.0	0.0	0.0	0.0
0.1685	-0.4976	-0.0717	0.5302	0.0	0.0	0.0	0.0
0.1686	-0.4972	-0.0719	0.5299	0.0	0.0	0.0	0.0
0.1688	-0.4973	-0.0722	0.5301	0.0	0.0	0.0	0.0
0.1689	-0.4974	-0.072	0.5302	0.0	0.0	0.0	0.0
0.1687	-0.4975	-0.0715	0.5301	0.0	0.0	0.0	0.0
0.1688	-0.4971	-0.0714	0.5299	0.0	0.0	0.0	0.0
0.169	-0.4972	-0.0713	0.53	0.0	0.0	0.0	0.0
0.1688	-0.4973	-0.0712	0.53	0.0	0.0	0.0	0.0
0.1689	-0.4974	-0.0714	0.5301	0.0	0.0	0.0	0.0
0.1691	-0.4971	-0.0716	0.5299	0.0	0.0	0.0	0.0
0.1692	-0.4971	-0.0718	0.53	0.0	0.0	0.0	0.0
0.1694	-0.4972	-0.0721	0.5302	0.0	0.0	0.0	0.0
0.1696	-0.4973	-0.0723	0.5304	0.0	0.0	0.0	0.0
0.1697	-0.4974	-0.0722	0.5305	0.0	0.0	0.0	0.0
0.1698	-0.4975	-0.0721	0.5306	0.0	0.0	0.0	0.0
0.1699	-0.4976	-0.072	0.5307	0.0	0.0	0.0	0.0
0.1699	-0.4976	-0.0719	0.5307	0.0	0.0	0.0	0.0
0.17	-0.4973	-0.0717	0.5305	0.0	0.0	0.0	0.0
0.1701	-0.4974	-0.0716	0.5305	0.0	0.0	0.0	0.0
0.1702	-0.4971	-0.0719	0.5303	0.0	0.0	0.0	0.0
0.1703	-0.4971	-0.0721	0.5304	0.0	0.0	0.0	0.0
0.1703	-0.4972	-0.0723	0.5305	0.0	0.0	0.0	0.0
0.17	-0.4973	-0.0726	0.5305	0.0	0.0	0.0	0.0
0.1701	-0.4974	-0.0728	0.5307	0.0	0.0	0.0	0.0
0.1702	-0.4974	-0.0727	0.5307	0.0	0.0	0.0	0.0
0.1702	-0.4975	-0.0725	0.5308	0.0	0.0	0.0	0.0
0.1703	-0.4976	-0.0724	0.5309	0.0	0.0	0.0	0.0
0.1704	-0.4973	-0.0727	0.5307	0.0	0.0	0.0	0.0
0.1705	-0.497	-0.0725	0.5304	0.0	0.0	0.0	0.0
0.1706	-0.4967	-0.0728	0.5302	0.0	0.0	0.0	0.0
0.1703	-0.4967	-0.073	0.5302	0.0	0.0	0.0	0.0
0.1703	-0.4964	-0.0733	0.5299	0.0	0.0	0.0	0.0
0.1704	-0.4969	-0.0731	0.5304	0.0	0.0	0.0	0.0
0.1705	-0.497	-0.073	0.5305	0.0	0.0	0.0	0.0
0.1702	-0.4971	-0.0729	0.5304	0.0	0.0	0.0	0.0
0.1706	-0.4971	-0.0728	0.5306	0.0	0.0	0.0	0.0
0.1707	-0.4972	-0.0727	0.5307	0.0	0.0	0.0	0.0
0.1708	-0.4969	-0.0725	0.5304	0.0	0.0	0.0	0.0
0.1708	-0.4966	-0.0724	0.5301	0.0	0.0	0.0	0.0
0.1713	-0.4963	-0.0727	0.53	0.0	0.0	0.0	0.0
0.171	-0.4964	-0.0725	0.53	0.0	0.0	0.0	0.0
0.171	-0.4964	-0.0724	0.5301	0.0	0.0	0.0	0.0
0.1711	-0.4969	-0.072	0.5304	0.0	0.0	0.0	0.0
0.1712	-0.4973	-0.0718	0.5308	0.0	0.0	0.0	0.0
0.1708	-0.4974	-0.0717	0.5308	0.0	0.0	0.0	0.0
0.1709	-0.4975	-0.0716	0.5309	0.0	0.0	0.0	0.0
0.1707	-0.4972	-0.0718	0.5306	0.0	0.0	0.0	0.0
0.1704	-0.4969	-0.0724	0.5303	0.0	0.0	0.0	0.0
0.1704	-0.4966	-0.0727	0.53	0.0	0.0	0.0	0.0
0.1709	-0.4963	-0.0729	0.5299	0.0	0.0	0.0	0.0
0.171	-0.4964	-0.0728	0.53	0.0	0.0	0.0	0.0
0.171	-0.4964	-0.0727	0.5301	0.0	0.0	0.0	0.0
0.1715	-0.4965	-0.0721	0.5302	0.0	0.0	0.0	0.0
0.1715	-0.4966	-0.072	0.5303	0.0	0.0	0.0	0.0
0.1713	-0.4967	-0.0722	0.5303	0.0	0.0	0.0	0.0
0.1713	-0.4964	-0.0725	0.5301	0.0	0.0	0.0	0.0
0.1714	-0.4961	-0.0727	0.5299	0.0	0.0	0.0	0.0
0.1715	-0.4957	-0.0726	0.5296	0.0	0.0	0.0	0.0
0.1712	-0.4954	-0.0725	0.5292	0.0	0.0	0.0	0.0
0.1713	-0.4955	-0.0724	0.5292	0.0	0.0	0.0	0.0
0.171	-0.4956	-0.0722	0.5292	0.0	0.0	0.0	0.0
0.171	-0.4957	-0.0721	0.5293	0.0	0.0	0.0	0.0
0.1711	-0.4957	-0.072	0.5294	0.0	0.0	0.0	0.0
0.1712	-0.4958	-0.0722	0.5295	0.0	0.0	0.0	0.0
0.1713	-0.4959	-0.0725	0.5296	0.0	0.0	0.0	0.0
0.1714	-0.496	-0.0727	0.5298	0.0	0.0	0.0	0.0
0.1714	-0.4957	-0.0729	0.5295	0.0	0.0	0.0	0.0
0.1715	-0.4953	-0.0728	0.5292	0.0	0.0	0.0	0.0
0.1716	-0.4954	-0.0724	0.5292	0.0	0.0	0.0	0.0
0.1717	-0.4955	-0.0722	0.5293	0.0	0.0	0.0	0.0
0.1713	-0.4952	-0.0721	0.5289	0.0	0.0	0.0	0.0
0.1714	-0.495	-0.072	0.5287	0.0	0.0	0.0	0.0
0.1711	-0.4948	-0.0719	0.5284	0.0	0.0	0.0	0.0
0.1712	-0.4949	-0.0722	0.5287	0.0	0.0	0.0	0.0
0.1713	-0.4947	-0.0724	0.5285	0.0	0.0	0.0	0.0
0.1714	-0.4949	-0.0726	0.5287	0.0	0.0	0.0	0.0
0.1714	-0.495	-0.0728	0.5289	0.0	0.0	0.0	0.0
0.1715	-0.4952	-0.0727	0.5291	0.0	0.0	0.0	0.0
0.1716	-0.4954	-0.0726	0.5292	0.0	0.0	0.0	0.0
0.1717	-0.4955	-0.0725	0.5294	0.0	0.0	0.0	0.0
0.1717	-0.4953	-0.0723	0.5292	0.0	0.0	0.0	0.0
0.1722	-0.4955	-0.0722	0.5295	0.0	0.0	0.0	0.0
0.1719	-0.4956	-0.0721	0.5295	0.0	0.0	0.0	0.0
0.1719	-0.4954	-0.0724	0.5293	0.0	0.0	0.0	0.0
0.1717	-0.4952	-0.0726	0.5291	0.0	0.0	0.0	0.0
0.1718	-0.4949	-0.0728	0.5289	0.0	0.0	0.0	0.0
0.1718	-0.4951	-0.0731	0.5291	0.0	0.0	0.0	0.0
0.1719	-0.4953	-0.0733	0.5294	0.0	0.0	0.0	0.0
0.1716	-0.4954	-0.0732	0.5294	0.0	0.0	0.0	0.0
0.1717	-0.4956	-0.0731	0.5296	0.0	0.0	0.0	0.0
0.1718	-0.4954	-0.073	0.5294	0.0	0.0	0.0	0.0
0.1719	-0.4951	-0.0728	0.5292	0.0	0.0	0.0	0.0
0.172	-0.4949	-0.0727	0.529	0.0	0.0	0.0	0.0
0.172	-0.4947	-0.0726	0.5287	0.0	0.0	0.0	0.0
0.1721	-0.4944	-0.0728	0.5286	0.0	0.0	0.0	0.0
0.1722	-0.4946	-0.0727	0.5287	0.0	0.0	0.0	0.0
0.1723	-0.4948	-0.0726	0.5289	0.0	0.0	0.0	0.0
0.1723	-0.4949	-0.0725	0.529	0.0	0.0	0.0	0.0
0.1724	-0.4951	-0.0727	0.5293	0.0	0.0	0.0	0.0
0.1725	-0.4952	-0.0726	0.5294	0.0	0.0	0.0	0.0
0.1722	-0.4954	-0.0725	0.5294	0.0	0.0	0.0	0.0
0.1719	-0.4955	-0.0727	0.5295	0.0	0.0	0.0	0.0
0.172	-0.4953	-0.0726	0.5293	0.0	0.0	0.0	0.0
0.1716	-0.4951	-0.0725	0.529	0.0	0.0	0.0	0.0
0.1713	-0.4948	-0.0724	0.5286	0.0	0.0	0.0	0.0
0.1714	-0.495	-0.0723	0.5288	0.0	0.0	0.0	0.0
0.1711	-0.4951	-0.0722	0.5288	0.0	0.0	0.0	0.0
0.1712	-0.4953	-0.072	0.529	0.0	0.0	0.0	0.0
0.1713	-0.4954	-0.0719	0.5291	0.0	0.0	0.0	0.0
0.1713	-0.4956	-0.0718	0.5293	0.0	0.0	0.0	0.0
0.1714	-0.4958	-0.072	0.5295	0.0	0.0	0.0	0.0
0.1715	-0.4959	-0.0723	0.5297	0.0	0.0	0.0	0.0
0.1716	-0.4961	-0.0725	0.5299	0.0	0.0	0.0	0.0
0.1713	-0.4962	-0.0727	0.53	0.0	0.0	0.0	0.0
0.171	-0.4964	-0.0726	0.53	0.0	0.0	0.0	0.0
0.171	-0.4965	-0.0725	0.5302	0.0	0.0	0.0	0.0
0.1711	-0.4963	-0.0724	0.53	0.0	0.0	0.0	0.0
0.1712	-0.4961	-0.0723	0.5298	0.0	0.0	0.0	0.0
0.1713	-0.4963	-0.0721	0.5299	0.0	0.0	0.0	0.0
0.1713	-0.4964	-0.0724	0.5301	0.0	0.0	0.0	0.0
0.1714	-0.4966	-0.0723	0.5303	0.0	0.0	0.0	0.0
0.1711	-0.4967	-0.0725	0.5304	0.0	0.0	0.0	0.0
0.1711	-0.4969	-0.0724	0.5305	0.0	0.0	0.0	0.0
0.1712	-0.497	-0.0723	0.5306	0.0	0.0	0.0	0.0
0.1713	-0.497	-0.0722	0.5307	0.0	0.0	0.0	0.0
0.1714	-0.4967	-0.0724	0.5304	0.0	0.0	0.0	0.0
0.1715	-0.4968	-0.0723	0.5305	0.0	0.0	0.0	0.0
0.1715	-0.4969	-0.0725	0.5306	0.0	0.0	0.0	0.0
0.1716	-0.497	-0.0724	0.5307	0.0	0.0	0.0	0.0
0.1717	-0.497	-0.0726	0.5309	0.0	0.0	0.0	0.0
0.1714	-0.4967	-0.0725	0.5304	0.0	0.0	0.0	0.0
0.1715	-0.4968	-0.0724	0.5305	0.0	0.0	0.0	0.0
0.1715	-0.4969	-0.0723	0.5306	0.0	0.0	0.0	0.0
0.1712	-0.497	-0.0722	0.5305	0.0	0.0	0.0	0.0
0.1713	-0.4966	-0.0721	0.5303	0.0	0.0	0.0	0.0
0.1713	-0.4967	-0.0719	0.5303	0.0	0.0	0.0	0.0
0.1714	-0.4964	-0.0722	0.5301	0.0	0.0	0.0	0.0
0.1715	-0.4961	-0.0724	0.5299	0.0	0.0	0.0	0.0
0.1716	-0.4958	-0.0726	0.5297	0.0	0.0	0.0	0.0
0.1717	-0.4959	-0.0725	0.5297	0.0	0.0	0.0	0.0
0.1717	-0.496	-0.0724	0.5298	0.0	0.0	0.0	0.0
0.1718	-0.496	-0.0727	0.53	0.0	0.0	0.0	0.0
0.1719	-0.4961	-0.0726	0.53	0.0	0.0	0.0	0.0
0.172	-0.4962	-0.0724	0.5301	0.0	0.0	0.0	0.0
0.1717	-0.4959	-0.0723	0.5297	0.0	0.0	0.0	0.0
0.1718	-0.4956	-0.0726	0.5295	0.0	0.0	0.0	0.0
0.1714	-0.4952	-0.0728	0.5291	0.0	0.0	0.0	0.0
0.1715	-0.495	-0.0727	0.5289	0.0	0.0	0.0	0.0
0.1716	-0.4952	-0.0729	0.5291	0.0	0.0	0.0	0.0
0.1713	-0.4953	-0.0728	0.5291	0.0	0.0	0.0	0.0
0.1713	-0.4955	-0.0731	0.5293	0.0	0.0	0.0	0.0
0.1714	-0.4952	-0.073	0.5291	0.0	0.0	0.0	0.0
0.1715	-0.495	-0.0728	0.5289	0.0	0.0	0.0	0.0
0.1716	-0.4952	-0.0731	0.5291	0.0	0.0	0.0	0.0
0.1717	-0.4949	-0.0733	0.529	0.0	0.0	0.0	0.0
0.1717	-0.4951	-0.0735	0.5292	0.0	0.0	0.0	0.0
0.1718	-0.4949	-0.0734	0.529	0.0	0.0	0.0	0.0
0.1715	-0.495	-0.0733	0.529	0.0	0.0	0.0	0.0
0.1712	-0.4952	-0.0735	0.5291	0.0	0.0	0.0	0.0
0.1709	-0.4953	-0.0734	0.5291	0.0	0.0	0.0	0.0
0.171	-0.4955	-0.0736	0.5293	0.0	0.0	0.0	0.0
0.171	-0.4956	-0.0735	0.5295	0.0	0.0	0.0	0.0
0.1711	-0.4958	-0.0734	0.5296	0.0	0.0	0.0	0.0
0.1712	-0.496	-0.0733	0.5298	0.0	0.0	0.0	0.0
0.1713	-0.4957	-0.0732	0.5296	0.0	0.0	0.0	0.0
0.1713	-0.4955	-0.0734	0.5294	0.0	0.0	0.0	0.0
0.1714	-0.4953	-0.0733	0.5292	0.0	0.0	0.0	0.0
0.1715	-0.4955	-0.0731	0.5294	0.0	0.0	0.0	0.0
0.1716	-0.4956	-0.073	0.5295	0.0	0.0	0.0	0.0
0.1716	-0.4954	-0.0729	0.5293	0.0	0.0	0.0	0.0
0.1717	-0.4955	-0.0731	0.5295	0.0	0.0	0.0	0.0
0.1713	-0.4957	-0.073	0.5295	0.0	0.0	0.0	0.0
0.1711	-0.4958	-0.0732	0.5296	0.0	0.0	0.0	0.0
0.1708	-0.4956	-0.0734	0.5293	0.0	0.0	0.0	0.0
0.1705	-0.4953	-0.0737	0.529	0.0	0.0	0.0	0.0
0.1706	-0.4955	-0.0739	0.5293	0.0	0.0	0.0	0.0
0.1706	-0.4957	-0.0738	0.5294	0.0	0.0	0.0	0.0
0.1707	-0.4958	-0.0737	0.5295	0.0	0.0	0.0	0.0
0.1708	-0.496	-0.0736	0.5297	0.0	0.0	0.0	0.0
0.1709	-0.4957	-0.0735	0.5295	0.0	0.0	0.0	0.0
0.1706	-0.4959	-0.0734	0.5295	0.0	0.0	0.0	0.0
0.1707	-0.496	-0.0732	0.5296	0.0	0.0	0.0	0.0
0.1707	-0.4958	-0.0731	0.5294	0.0	0.0	0.0	0.0
0.1708	-0.4955	-0.073	0.5292	0.0	0.0	0.0	0.0
0.1709	-0.4953	-0.0732	0.5291	0.0	0.0	0.0	0.0
0.171	-0.4955	-0.0734	0.5293	0.0	0.0	0.0	0.0
0.1711	-0.4956	-0.0733	0.5294	0.0	0.0	0.0	0.0
0.1711	-0.4958	-0.0732	0.5296	0.0	0.0	0.0	0.0
0.1712	-0.4959	-0.0731	0.5297	0.0	0.0	0.0	0.0
0.1713	-0.4961	-0.073	0.5299	0.0	0.0	0.0	0.0
0.1714	-0.4963	-0.0728	0.53	0.0	0.0	0.0	0.0
0.1714	-0.4964	-0.0727	0.5302	0.0	0.0	0.0	0.0
0.1715	-0.4966	-0.0726	0.5304	0.0	0.0	0.0	0.0
0.1716	-0.4964	-0.0728	0.5302	0.0	0.0	0.0	0.0
0.1717	-0.4965	-0.0727	0.5304	0.0	0.0	0.0	0.0
0.1717	-0.4967	-0.0726	0.5305	0.0	0.0	0.0	0.0
0.1714	-0.4968	-0.0729	0.5306	0.0	0.0	0.0	0.0
0.1715	-0.497	-0.0727	0.5307	0.0	0.0	0.0	0.0
0.1716	-0.4967	-0.0726	0.5305	0.0	0.0	0.0	0.0
0.1716	-0.4965	-0.0728	0.5304	0.0	0.0	0.0	0.0
0.1717	-0.4967	-0.0731	0.5306	0.0	0.0	0.0	0.0
0.1714	-0.4965	-0.0733	0.5303	0.0	0.0	0.0	0.0
0.1715	-0.4966	-0.0732	0.5305	0.0	0.0	0.0	0.0
0.1716	-0.4968	-0.0731	0.5306	0.0	0.0	0.0	0.0
0.1716	-0.4969	-0.073	0.5308	0.0	0.0	0.0	0.0
0.1713	-0.4971	-0.0729	0.5308	0.0	0.0	0.0	0.0
0.1714	-0.4969	-0.0728	0.5306	0.0	0.0	0.0	0.0
0.1719	-0.4971	-0.0726	0.5309	0.0	0.0	0.0	0.0
0.172	-0.4972	-0.0725	0.5311	0.0	0.0	0.0	0.0
0.1716	-0.4974	-0.0724	0.5311	0.0	0.0	0.0	0.0
0.1717	-0.4974	-0.0726	0.5312	0.0	0.0	0.0	0.0
0.1718	-0.4971	-0.0729	0.531	0.0	0.0	0.0	0.0
0.1719	-0.4969	-0.0731	0.5308	0.0	0.0	0.0	0.0
0.1715	-0.497	-0.0729	0.5309	0.0	0.0	0.0	0.0
0.1712	-0.4972	-0.0728	0.5309	0.0	0.0	0.0	0.0
0.1713	-0.4973	-0.0727	0.531	0.0	0.0	0.0	0.0
0.171	-0.4973	-0.0726	0.5309	0.0	0.0	0.0	0.0
0.1711	-0.4974	-0.0725	0.531	0.0	0.0	0.0	0.0
0.1707	-0.4975	-0.0724	0.5309	0.0	0.0	0.0	0.0
0.1704	-0.4972	-0.0723	0.5305	0.0	0.0	0.0	0.0
0.1705	-0.4969	-0.0722	0.5303	0.0	0.0	0.0	0.0
0.1706	-0.4965	-0.072	0.5299	0.0	0.0	0.0	0.0
0.1707	-0.4966	-0.0722	0.5301	0.0	0.0	0.0	0.0
0.1708	-0.4968	-0.0725	0.5303	0.0	0.0	0.0	0.0
0.1708	-0.4969	-0.0727	0.5305	0.0	0.0	0.0	0.0
0.1709	-0.497	-0.0729	0.5306	0.0	0.0	0.0	0.0
0.171	-0.4971	-0.0728	0.5307	0.0	0.0	0.0	0.0
0.1711	-0.4972	-0.073	0.5308	0.0	0.0	0.0	0.0
0.1711	-0.4969	-0.0729	0.5306	0.0	0.0	0.0	0.0
0.1712	-0.497	-0.0728	0.5306	0.0	0.0	0.0	0.0
0.1713	-0.497	-0.0726	0.5307	0.0	0.0	0.0	0.0
0.1714	-0.4971	-0.0725	0.5308	0.0	0.0	0.0	0.0
0.1711	-0.4968	-0.0724	0.5304	0.0	0.0	0.0	0.0
0.1712	-0.4969	-0.0723	0.5305	0.0	0.0	0.0	0.0
0.1712	-0.497	-0.0722	0.5306	0.0	0.0	0.0	0.0
0.1713	-0.4971	-0.0721	0.5307	0.0	0.0	0.0	0.0
0.1714	-0.4972	-0.0723	0.5308	0.0	0.0	0.0	0.0
0.1715	-0.4973	-0.0726	0.531	0.0	0.0	0.0	0.0
0.1716	-0.4973	-0.0728	0.5311	0.0	0.0	0.0	0.0
0.1713	-0.4974	-0.073	0.5311	0.0	0.0	0.0	0.0
0.1714	-0.4975	-0.0733	0.5312	0.0	0.0	0.0	0.0
0.1714	-0.4972	-0.0735	0.531	0.0	0.0	0.0	0.0
0.1715	-0.4972	-0.0737	0.5311	0.0	0.0	0.0	0.0
0.1716	-0.4973	-0.0736	0.5312	0.0	0.0	0.0	0.0
0.1713	-0.4974	-0.0735	0.5312	0.0	0.0	0.0	0.0
0.1714	-0.4971	-0.0733	0.5309	0.0	0.0	0.0	0.0
0.1714	-0.4972	-0.0732	0.531	0.0	0.0	0.0	0.0
0.1712	-0.4972	-0.0734	0.531	0.0	0.0	0.0	0.0
0.1713	-0.4973	-0.0733	0.5311	0.0	0.0	0.0	0.0
0.1714	-0.497	-0.0735	0.5308	0.0	0.0	0.0	0.0
0.1714	-0.497	-0.0734	0.5309	0.0	0.0	0.0	0.0
0.1719	-0.4971	-0.0733	0.5311	0.0	0.0	0.0	0.0
0.1719	-0.4972	-0.0732	0.5312	0.0	0.0	0.0	0.0
0.172	-0.4973	-0.073	0.5313	0.0	0.0	0.0	0.0
0.1721	-0.497	-0.0729	0.531	0.0	0.0	0.0	0.0
0.1722	-0.4971	-0.0728	0.531	0.0	0.0	0.0	0.0
0.1723	-0.4971	-0.0731	0.5312	0.0	0.0	0.0	0.0
0.1723	-0.4972	-0.0733	0.5313	0.0	0.0	0.0	0.0
0.1724	-0.497	-0.0735	0.5311	0.0	0.0	0.0	0.0
0.1725	-0.4971	-0.0738	0.5313	0.0	0.0	0.0	0.0
0.1722	-0.4971	-0.0737	0.5313	0.0	0.0	0.0	0.0
0.1723	-0.4972	-0.0736	0.5313	0.0	0.0	0.0	0.0
0.172	-0.4973	-0.0735	0.5313	0.0	0.0	0.0	0.0
0.1721	-0.4974	-0.0733	0.5314	0.0	0.0	0.0	0.0
0.1719	-0.4974	-0.0735	0.5314	0.0	0.0	0.0	0.0
0.1719	-0.4975	-0.0737	0.5315	0.0	0.0	0.0	0.0
0.1716	-0.4976	-0.074	0.5315	0.0	0.0	0.0	0.0
0.1717	-0.4977	-0.0739	0.5316	0.0	0.0	0.0	0.0
0.1714	-0.4977	-0.0738	0.5316	0.0	0.0	0.0	0.0
0.1715	-0.4974	-0.0737	0.5313	0.0	0.0	0.0	0.0
0.1719	-0.4975	-0.0739	0.5315	0.0	0.0	0.0	0.0
0.172	-0.4976	-0.0737	0.5316	0.0	0.0	0.0	0.0
0.1717	-0.4976	-0.0737	0.5316	0.0	0.0	0.0	0.0
0.1721	-0.4977	-0.0735	0.5317	0.0	0.0	0.0	0.0
0.1722	-0.4974	-0.0734	0.5314	0.0	0.0	0.0	0.0
0.1723	-0.497	-0.0737	0.5312	0.0	0.0	0.0	0.0
0.1724	-0.4971	-0.0738	0.5313	0.0	0.0	0.0	0.0
0.1725	-0.4972	-0.0741	0.5314	0.0	0.0	0.0	0.0
0.1721	-0.4973	-0.074	0.5314	0.0	0.0	0.0	0.0
0.1722	-0.4973	-0.0738	0.5315	0.0	0.0	0.0	0.0
0.1723	-0.4974	-0.0737	0.5315	0.0	0.0	0.0	0.0
0.1719	-0.4975	-0.0736	0.5315	0.0	0.0	0.0	0.0
0.172	-0.4976	-0.0735	0.5316	0.0	0.0	0.0	0.0
0.1717	-0.4976	-0.0737	0.5316	0.0	0.0	0.0	0.0
0.1714	-0.4977	-0.0739	0.5316	0.0	0.0	0.0	0.0
0.1715	-0.4978	-0.0742	0.5317	0.0	0.0	0.0	0.0
0.1716	-0.4979	-0.0744	0.5319	0.0	0.0	0.0	0.0
0.1717	-0.4979	-0.0743	0.5319	0.0	0.0	0.0	0.0
0.1718	-0.498	-0.0742	0.532	0.0	0.0	0.0	0.0
0.1718	-0.4981	-0.0741	0.5321	0.0	0.0	0.0	0.0
0.1719	-0.4982	-0.074	0.5322	0.0	0.0	0.0	0.0
0.172	-0.4983	-0.0738	0.5323	0.0	0.0	0.0	0.0
0.1721	-0.4984	-0.0737	0.5324	0.0	0.0	0.0	0.0
0.1721	-0.4984	-0.0739	0.5325	0.0	0.0	0.0	0.0
0.1722	-0.4981	-0.0738	0.5322	0.0	0.0	0.0	0.0
0.1723	-0.4978	-0.0741	0.532	0.0	0.0	0.0	0.0
0.172	-0.4975	-0.0739	0.5315	0.0	0.0	0.0	0.0
0.172	-0.4975	-0.0738	0.5316	0.0	0.0	0.0	0.0
0.1721	-0.4976	-0.0737	0.5317	0.0	0.0	0.0	0.0
0.1718	-0.4977	-0.0736	0.5316	0.0	0.0	0.0	0.0
0.1719	-0.4978	-0.0735	0.5317	0.0	0.0	0.0	0.0
0.1719	-0.4978	-0.0734	0.5318	0.0	0.0	0.0	0.0
0.172	-0.4979	-0.0733	0.5319	0.0	0.0	0.0	0.0
0.1725	-0.498	-0.0735	0.5322	0.0	0.0	0.0	0.0
0.1722	-0.4981	-0.0734	0.5321	0.0	0.0	0.0	0.0
0.1723	-0.4982	-0.0733	0.5322	0.0	0.0	0.0	0.0
0.172	-0.4982	-0.0732	0.5321	0.0	0.0	0.0	0.0
0.172	-0.4983	-0.0731	0.5322	0.0	0.0	0.0	0.0
0.1721	-0.4984	-0.073	0.5323	0.0	0.0	0.0	0.0
0.1722	-0.4981	-0.0728	0.532	0.0	0.0	0.0	0.0
0.1719	-0.4982	-0.0727	0.532	0.0	0.0	0.0	0.0
0.172	-0.4982	-0.0726	0.5321	0.0	0.0	0.0	0.0
0.172	-0.498	-0.0726	0.5318	0.0	0.0	0.0	0.0
0.1718	-0.4977	-0.0729	0.5315	0.0	0.0	0.0	0.0
0.1719	-0.4978	-0.0732	0.5317	0.0	0.0	0.0	0.0
0.1719	-0.4978	-0.0735	0.5318	0.0	0.0	0.0	0.0
0.172	-0.4979	-0.0734	0.5319	0.0	0.0	0.0	0.0
0.1721	-0.498	-0.0733	0.532	0.0	0.0	0.0	0.0
0.1722	-0.4981	-0.0731	0.5321	0.0	0.0	0.0	0.0
0.1722	-0.4982	-0.0731	0.5321	0.0	0.0	0.0	0.0
0.1719	-0.4982	-0.0734	0.5322	0.0	0.0	0.0	0.0
0.172	-0.4979	-0.0733	0.5318	0.0	0.0	0.0	0.0
0.1717	-0.498	-0.0735	0.5318	0.0	0.0	0.0	0.0
0.1718	-0.498	-0.0737	0.532	0.0	0.0	0.0	0.0
0.1719	-0.4981	-0.0736	0.5321	0.0	0.0	0.0	0.0
0.172	-0.4982	-0.0739	0.5322	0.0	0.0	0.0	0.0
0.1717	-0.4983	-0.0737	0.5321	0.0	0.0	0.0	0.0
0.1717	-0.4984	-0.0736	0.5322	0.0	0.0	0.0	0.0
0.1714	-0.4984	-0.0739	0.5322	0.0	0.0	0.0	0.0
0.1715	-0.4985	-0.0741	0.5324	0.0	0.0	0.0	0.0
0.1716	-0.4982	-0.074	0.5321	0.0	0.0	0.0	0.0
0.1717	-0.4983	-0.0739	0.5322	0.0	0.0	0.0	0.0
0.1717	-0.4984	-0.0737	0.5322	0.0	0.0	0.0	0.0
0.1722	-0.4984	-0.0736	0.5325	0.0	0.0	0.0	0.0
0.1723	-0.4985	-0.0735	0.5325	0.0	0.0	0.0	0.0
0.1724	-0.4986	-0.0734	0.5326	0.0	0.0	0.0	0.0
0.172	-0.4987	-0.0733	0.5326	0.0	0.0	0.0	0.0
0.1721	-0.4988	-0.0731	0.5327	0.0	0.0	0.0	0.0
0.1722	-0.4985	-0.0734	0.5325	0.0	0.0	0.0	0.0
0.1723	-0.4986	-0.0732	0.5325	0.0	0.0	0.0	0.0
0.172	-0.4982	-0.0735	0.5322	0.0	0.0	0.0	0.0
0.1721	-0.4983	-0.0737	0.5323	0.0	0.0	0.0	0.0
0.1717	-0.4984	-0.0736	0.5323	0.0	0.0	0.0	0.0
0.1718	-0.4985	-0.0735	0.5323	0.0	0.0	0.0	0.0
0.1715	-0.4985	-0.0734	0.5323	0.0	0.0	0.0	0.0
0.1716	-0.4986	-0.0732	0.5324	0.0	0.0	0.0	0.0
0.1717	-0.4983	-0.0731	0.5321	0.0	0.0	0.0	0.0
0.1717	-0.4984	-0.073	0.5322	0.0	0.0	0.0	0.0
0.1714	-0.4981	-0.0732	0.5318	0.0	0.0	0.0	0.0
0.1715	-0.4982	-0.0731	0.5319	0.0	0.0	0.0	0.0
0.1712	-0.4982	-0.073	0.5319	0.0	0.0	0.0	0.0
0.1709	-0.4983	-0.0729	0.5318	0.0	0.0	0.0	0.0
0.1713	-0.4984	-0.0731	0.5321	0.0	0.0	0.0	0.0
0.1714	-0.4985	-0.073	0.5322	0.0	0.0	0.0	0.0
0.1711	-0.4985	-0.0729	0.5321	0.0	0.0	0.0	0.0
0.1716	-0.4986	-0.0728	0.5323	0.0	0.0	0.0	0.0
0.1716	-0.4987	-0.0727	0.5324	0.0	0.0	0.0	0.0
0.1717	-0.4988	-0.0729	0.5325	0.0	0.0	0.0	0.0
0.1718	-0.4989	-0.0728	0.5326	0.0	0.0	0.0	0.0
0.1719	-0.4989	-0.073	0.5328	0.0	0.0	0.0	0.0
0.1719	-0.499	-0.0729	0.5328	0.0	0.0	0.0	0.0
0.1716	-0.4991	-0.0728	0.5328	0.0	0.0	0.0	0.0
0.1713	-0.4992	-0.0727	0.5327	0.0	0.0	0.0	0.0
0.1714	-0.4988	-0.0727	0.5324	0.0	0.0	0.0	0.0
0.1715	-0.4989	-0.0729	0.5325	0.0	0.0	0.0	0.0
0.1716	-0.499	-0.0731	0.5327	0.0	0.0	0.0	0.0
0.1713	-0.499	-0.0733	0.5327	0.0	0.0	0.0	0.0
0.1714	-0.4987	-0.0732	0.5324	0.0	0.0	0.0	0.0
0.1715	-0.4984	-0.0731	0.5321	0.0	0.0	0.0	0.0
0.1715	-0.4985	-0.073	0.5322	0.0	0.0	0.0	0.0
0.1716	-0.4985	-0.0729	0.5323	0.0	0.0	0.0	0.0
0.1712	-0.4986	-0.0727	0.5322	0.0	0.0	0.0	0.0
0.1713	-0.4984	-0.0726	0.532	0.0	0.0	0.0	0.0
0.1714	-0.4985	-0.0725	0.5321	0.0	0.0	0.0	0.0
0.1714	-0.4985	-0.0724	0.5321	0.0	0.0	0.0	0.0
0.1715	-0.4986	-0.0727	0.5323	0.0	0.0	0.0	0.0
0.1716	-0.4983	-0.0729	0.5321	0.0	0.0	0.0	0.0
0.1717	-0.4984	-0.0731	0.5322	0.0	0.0	0.0	0.0
0.1718	-0.4981	-0.0734	0.532	0.0	0.0	0.0	0.0
0.1715	-0.4978	-0.0732	0.5316	0.0	0.0	0.0	0.0
0.1715	-0.4975	-0.0731	0.5313	0.0	0.0	0.0	0.0
0.1716	-0.4972	-0.073	0.531	0.0	0.0	0.0	0.0
0.1717	-0.4972	-0.0732	0.5311	0.0	0.0	0.0	0.0
0.1718	-0.4969	-0.0731	0.5308	0.0	0.0	0.0	0.0
0.1719	-0.497	-0.0733	0.531	0.0	0.0	0.0	0.0
0.1719	-0.4971	-0.0732	0.531	0.0	0.0	0.0	0.0
0.172	-0.4972	-0.0731	0.5311	0.0	0.0	0.0	0.0
0.1721	-0.4972	-0.073	0.5312	0.0	0.0	0.0	0.0
0.1717	-0.4973	-0.0728	0.5311	0.0	0.0	0.0	0.0
0.1718	-0.4971	-0.0727	0.5309	0.0	0.0	0.0	0.0
0.1715	-0.4972	-0.0726	0.531	0.0	0.0	0.0	0.0
0.1716	-0.4974	-0.0729	0.5312	0.0	0.0	0.0	0.0
0.1717	-0.4975	-0.0727	0.5313	0.0	0.0	0.0	0.0
0.1713	-0.4973	-0.0726	0.531	0.0	0.0	0.0	0.0
0.1714	-0.4971	-0.0729	0.5308	0.0	0.0	0.0	0.0
0.1715	-0.4972	-0.0727	0.531	0.0	0.0	0.0	0.0
0.1716	-0.4974	-0.073	0.5312	0.0	0.0	0.0	0.0
0.1717	-0.4975	-0.0729	0.5313	0.0	0.0	0.0	0.0
0.1714	-0.4977	-0.0728	0.5314	0.0	0.0	0.0	0.0
0.1715	-0.4974	-0.0727	0.5311	0.0	0.0	0.0	0.0
0.1715	-0.4972	-0.0725	0.5309	0.0	0.0	0.0	0.0
0.1716	-0.4973	-0.0724	0.5311	0.0	0.0	0.0	0.0
0.1713	-0.4971	-0.0727	0.5308	0.0	0.0	0.0	0.0
0.1714	-0.4973	-0.0725	0.531	0.0	0.0	0.0	0.0
0.1715	-0.4974	-0.0727	0.5311	0.0	0.0	0.0	0.0
0.1715	-0.4972	-0.0726	0.5309	0.0	0.0	0.0	0.0
0.1716	-0.4973	-0.0725	0.5311	0.0	0.0	0.0	0.0
0.1717	-0.4975	-0.0728	0.5313	0.0	0.0	0.0	0.0
0.1718	-0.4973	-0.0726	0.5311	0.0	0.0	0.0	0.0
0.1719	-0.4975	-0.0729	0.5313	0.0	0.0	0.0	0.0
0.1715	-0.4976	-0.0731	0.5314	0.0	0.0	0.0	0.0
0.1716	-0.4978	-0.0734	0.5316	0.0	0.0	0.0	0.0
0.1713	-0.4979	-0.0732	0.5316	0.0	0.0	0.0	0.0
0.1714	-0.4981	-0.0731	0.5318	0.0	0.0	0.0	0.0
0.1711	-0.4982	-0.073	0.5318	0.0	0.0	0.0	0.0
0.1711	-0.4984	-0.0732	0.532	0.0	0.0	0.0	0.0
0.1712	-0.4985	-0.0731	0.5322	0.0	0.0	0.0	0.0
0.1713	-0.4987	-0.073	0.5323	0.0	0.0	0.0	0.0
0.171	-0.4984	-0.0729	0.5319	0.0	0.0	0.0	0.0
0.1711	-0.4985	-0.0731	0.5321	0.0	0.0	0.0	0.0
0.1711	-0.4985	-0.0734	0.5322	0.0	0.0	0.0	0.0
0.1712	-0.4986	-0.0732	0.5323	0.0	0.0	0.0	0.0
0.1713	-0.4987	-0.0731	0.5323	0.0	0.0	0.0	0.0
0.1714	-0.4988	-0.073	0.5324	0.0	0.0	0.0	0.0
0.1714	-0.4989	-0.0729	0.5325	0.0	0.0	0.0	0.0
0.1715	-0.4989	-0.0728	0.5326	0.0	0.0	0.0	0.0
0.1712	-0.499	-0.0727	0.5325	0.0	0.0	0.0	0.0
0.1716	-0.4987	-0.0729	0.5324	0.0	0.0	0.0	0.0
0.1713	-0.4988	-0.0728	0.5324	0.0	0.0	0.0	0.0
0.1714	-0.4989	-0.073	0.5325	0.0	0.0	0.0	0.0
0.1715	-0.4989	-0.0732	0.5326	0.0	0.0	0.0	0.0
0.1716	-0.4986	-0.0735	0.5324	0.0	0.0	0.0	0.0
0.1717	-0.4983	-0.0737	0.5322	0.0	0.0	0.0	0.0
0.1718	-0.498	-0.0736	0.5319	0.0	0.0	0.0	0.0
0.1721	-0.4981	-0.0735	0.5321	0.0	0.0	0.0	0.0
0.1722	-0.4977	-0.0733	0.5318	0.0	0.0	0.0	0.0
0.1723	-0.4978	-0.0736	0.5319	0.0	0.0	0.0	0.0
0.172	-0.4979	-0.0735	0.5319	0.0	0.0	0.0	0.0
0.1721	-0.4976	-0.0733	0.5316	0.0	0.0	0.0	0.0
0.1722	-0.4973	-0.0736	0.5313	0.0	0.0	0.0	0.0
0.1722	-0.4973	-0.0738	0.5315	0.0	0.0	0.0	0.0
0.1723	-0.4974	-0.0737	0.5316	0.0	0.0	0.0	0.0
0.172	-0.4975	-0.0736	0.5315	0.0	0.0	0.0	0.0
0.1721	-0.4976	-0.0735	0.5316	0.0	0.0	0.0	0.0
0.1722	-0.4977	-0.0737	0.5317	0.0	0.0	0.0	0.0
0.1722	-0.4973	-0.0736	0.5314	0.0	0.0	0.0	0.0
0.1723	-0.4974	-0.0735	0.5315	0.0	0.0	0.0	0.0
0.1728	-0.4975	-0.0733	0.5317	0.0	0.0	0.0	0.0
0.1726	-0.4975	-0.0732	0.5317	0.0	0.0	0.0	0.0
0.1727	-0.4976	-0.0735	0.5318	0.0	0.0	0.0	0.0
0.1727	-0.4974	-0.0734	0.5316	0.0	0.0	0.0	0.0
0.1728	-0.4974	-0.0732	0.5317	0.0	0.0	0.0	0.0
0.1729	-0.4975	-0.0731	0.5317	0.0	0.0	0.0	0.0
0.1729	-0.4976	-0.073	0.5318	0.0	0.0	0.0	0.0
0.173	-0.4977	-0.0729	0.5319	0.0	0.0	0.0	0.0
0.1731	-0.4978	-0.0728	0.532	0.0	0.0	0.0	0.0
0.1732	-0.4974	-0.073	0.5318	0.0	0.0	0.0	0.0
0.1732	-0.4975	-0.0729	0.5318	0.0	0.0	0.0	0.0
0.1732	-0.4976	-0.0731	0.5319	0.0	0.0	0.0	0.0
0.1732	-0.4977	-0.0734	0.532	0.0	0.0	0.0	0.0
0.1732	-0.4978	-0.0733	0.5321	0.0	0.0	0.0	0.0
0.1728	-0.4974	-0.0732	0.5316	0.0	0.0	0.0	0.0
0.1724	-0.4975	-0.0731	0.5315	0.0	0.0	0.0	0.0
0.1725	-0.4971	-0.0729	0.5312	0.0	0.0	0.0	0.0
0.1726	-0.4972	-0.0728	0.5313	0.0	0.0	0.0	0.0
0.1726	-0.4973	-0.073	0.5314	0.0	0.0	0.0	0.0
0.1727	-0.4974	-0.0729	0.5315	0.0	0.0	0.0	0.0
0.1728	-0.4974	-0.0728	0.5316	0.0	0.0	0.0	0.0
0.1725	-0.4975	-0.0727	0.5316	0.0	0.0	0.0	0.0
0.1726	-0.4976	-0.0729	0.5317	0.0	0.0	0.0	0.0
0.1727	-0.4977	-0.0728	0.5318	0.0	0.0	0.0	0.0
0.1728	-0.4978	-0.0731	0.5319	0.0	0.0	0.0	0.0
0.1729	-0.4978	-0.0733	0.5321	0.0	0.0	0.0	0.0
0.1729	-0.4979	-0.0732	0.5321	0.0	0.0	0.0	0.0
0.173	-0.498	-0.0731	0.5322	0.0	0.0	0.0	0.0
0.1735	-0.4981	-0.0733	0.5325	0.0	0.0	0.0	0.0
0.1732	-0.4982	-0.0732	0.5324	0.0	0.0	0.0	0.0
0.1736	-0.4982	-0.0735	0.5327	0.0	0.0	0.0	0.0
0.1737	-0.4983	-0.0737	0.5328	0.0	0.0	0.0	0.0
0.1737	-0.4984	-0.0739	0.5329	0.0	0.0	0.0	0.0
0.1737	-0.4985	-0.0738	0.533	0.0	0.0	0.0	0.0
0.1741	-0.4986	-0.0737	0.5332	0.0	0.0	0.0	0.0
0.1741	-0.4986	-0.0739	0.5333	0.0	0.0	0.0	0.0
0.1741	-0.4984	-0.0741	0.5331	0.0	0.0	0.0	0.0
0.1741	-0.4984	-0.0743	0.5332	0.0	0.0	0.0	0.0
0.1741	-0.4981	-0.0746	0.5329	0.0	0.0	0.0	0.0
0.1741	-0.4982	-0.0748	0.533	0.0	0.0	0.0	0.0
0.1745	-0.4983	-0.0747	0.5332	0.0	0.0	0.0	0.0
0.1745	-0.4984	-0.0746	0.5333	0.0	0.0	0.0	0.0
0.1745	-0.4984	-0.0744	0.5333	0.0	0.0	0.0	0.0
0.1741	-0.4989	-0.0743	0.5336	0.0	0.0	0.0	0.0
0.1741	-0.499	-0.0742	0.5337	0.0	0.0	0.0	0.0
0.1737	-0.4987	-0.0741	0.5332	0.0	0.0	0.0	0.0
0.1737	-0.4984	-0.074	0.5329	0.0	0.0	0.0	0.0
0.1737	-0.4981	-0.0739	0.5326	0.0	0.0	0.0	0.0
0.1737	-0.4982	-0.0738	0.5327	0.0	0.0	0.0	0.0
0.1737	-0.4982	-0.0736	0.5327	0.0	0.0	0.0	0.0
0.1737	-0.4983	-0.0735	0.5328	0.0	0.0	0.0	0.0
0.1737	-0.4984	-0.0734	0.5329	0.0	0.0	0.0	0.0
0.1737	-0.4985	-0.0737	0.533	0.0	0.0	0.0	0.0
0.1737	-0.4985	-0.0739	0.5331	0.0	0.0	0.0	0.0
0.1737	-0.4986	-0.0741	0.5332	0.0	0.0	0.0	0.0
0.1737	-0.4987	-0.074	0.5332	0.0	0.0	0.0	0.0
0.1737	-0.4988	-0.0739	0.5333	0.0	0.0	0.0	0.0
0.1737	-0.4989	-0.0738	0.5333	0.0	0.0	0.0	0.0
0.1737	-0.4989	-0.0736	0.5334	0.0	0.0	0.0	0.0
0.1736	-0.499	-0.0735	0.5335	0.0	0.0	0.0	0.0
0.1736	-0.4991	-0.0734	0.5335	0.0	0.0	0.0	0.0
0.1733	-0.4992	-0.0733	0.5335	0.0	0.0	0.0	0.0
0.1733	-0.4992	-0.0735	0.5336	0.0	0.0	0.0	0.0
0.1733	-0.4993	-0.0738	0.5337	0.0	0.0	0.0	0.0
0.1733	-0.4994	-0.074	0.5338	0.0	0.0	0.0	0.0
0.1733	-0.4995	-0.0742	0.5339	0.0	0.0	0.0	0.0
0.1733	-0.4996	-0.0741	0.5339	0.0	0.0	0.0	0.0
0.1733	-0.4996	-0.0744	0.534	0.0	0.0	0.0	0.0
0.1733	-0.4997	-0.0742	0.5341	0.0	0.0	0.0	0.0
0.1733	-0.4998	-0.0741	0.5342	0.0	0.0	0.0	0.0
0.1729	-0.4998	-0.074	0.534	0.0	0.0	0.0	0.0
0.1729	-0.4998	-0.0742	0.534	0.0	0.0	0.0	0.0
0.1729	-0.4998	-0.0741	0.534	0.0	0.0	0.0	0.0
0.1729	-0.4998	-0.074	0.534	0.0	0.0	0.0	0.0
0.1729	-0.4998	-0.0742	0.534	0.0	0.0	0.0	0.0
0.1729	-0.4998	-0.0741	0.534	0.0	0.0	0.0	0.0
0.1729	-0.4998	-0.074	0.534	0.0	0.0	0.0	0.0
0.1729	-0.4998	-0.0739	0.534	0.0	0.0	0.0	0.0
0.1729	-0.4998	-0.0738	0.534	0.0	0.0	0.0	0.0
0.1726	-0.4998	-0.074	0.5339	0.0	0.0	0.0	0.0
0.1725	-0.4998	-0.0739	0.5339	0.0	0.0	0.0	0.0
0.1722	-0.4994	-0.0738	0.5334	0.0	0.0	0.0	0.0
0.1722	-0.499	-0.074	0.533	0.0	0.0	0.0	0.0
0.1722	-0.4986	-0.0739	0.5326	0.0	0.0	0.0	0.0
0.1722	-0.4986	-0.0738	0.5326	0.0	0.0	0.0	0.0
0.1722	-0.4986	-0.0737	0.5326	0.0	0.0	0.0	0.0
0.1723	-0.4987	-0.0735	0.5327	0.0	0.0	0.0	0.0
0.1724	-0.4988	-0.0737	0.5329	0.0	0.0	0.0	0.0
0.1728	-0.4989	-0.0736	0.5331	0.0	0.0	0.0	0.0
0.1728	-0.4989	-0.0735	0.5331	0.0	0.0	0.0	0.0
0.1728	-0.499	-0.0737	0.5332	0.0	0.0	0.0	0.0
0.1728	-0.4991	-0.0736	0.5333	0.0	0.0	0.0	0.0
0.1728	-0.4992	-0.0735	0.5333	0.0	0.0	0.0	0.0
0.1728	-0.4992	-0.0734	0.5334	0.0	0.0	0.0	0.0
0.1728	-0.4993	-0.0733	0.5334	0.0	0.0	0.0	0.0
0.1725	-0.4994	-0.0735	0.5334	0.0	0.0	0.0	0.0
0.1725	-0.4995	-0.0734	0.5335	0.0	0.0	0.0	0.0
0.1725	-0.4995	-0.0732	0.5335	0.0	0.0	0.0	0.0
0.1725	-0.4996	-0.0735	0.5336	0.0	0.0	0.0	0.0
0.1725	-0.4997	-0.0734	0.5337	0.0	0.0	0.0	0.0
0.172	-0.4994	-0.0733	0.5332	0.0	0.0	0.0	0.0
0.172	-0.4994	-0.0732	0.5333	0.0	0.0	0.0	0.0
0.172	-0.4995	-0.073	0.5333	0.0	0.0	0.0	0.0
0.172	-0.4996	-0.0729	0.5334	0.0	0.0	0.0	0.0
0.172	-0.4997	-0.0729	0.5335	0.0	0.0	0.0	0.0
0.1716	-0.4997	-0.0729	0.5334	0.0	0.0	0.0	0.0
0.1716	-0.4998	-0.0728	0.5335	0.0	0.0	0.0	0.0
0.1713	-0.4995	-0.0731	0.5331	0.0	0.0	0.0	0.0
0.1714	-0.4992	-0.0731	0.5328	0.0	0.0	0.0	0.0
0.1715	-0.4989	-0.0731	0.5326	0.0	0.0	0.0	0.0
0.1716	-0.4986	-0.073	0.5323	0.0	0.0	0.0	0.0
0.1713	-0.4986	-0.0733	0.5323	0.0	0.0	0.0	0.0
0.1717	-0.4983	-0.0733	0.5321	0.0	0.0	0.0	0.0
0.1718	-0.4984	-0.0736	0.5323	0.0	0.0	0.0	0.0
0.1715	-0.4981	-0.0736	0.5319	0.0	0.0	0.0	0.0
0.1716	-0.4981	-0.0735	0.532	0.0	0.0	0.0	0.0
0.1717	-0.4982	-0.0739	0.5321	0.0	0.0	0.0	0.0
0.1718	-0.4983	-0.0741	0.5323	0.0	0.0	0.0	0.0
0.1718	-0.4984	-0.074	0.5323	0.0	0.0	0.0	0.0
0.1716	-0.4984	-0.0742	0.5323	0.0	0.0	0.0	0.0
0.1716	-0.4985	-0.0745	0.5325	0.0	0.0	0.0	0.0
0.1717	-0.4986	-0.0744	0.5326	0.0	0.0	0.0	0.0
0.1718	-0.4987	-0.0742	0.5326	0.0	0.0	0.0	0.0
0.1715	-0.4988	-0.0741	0.5326	0.0	0.0	0.0	0.0
0.1716	-0.4988	-0.074	0.5327	0.0	0.0	0.0	0.0
0.172	-0.4989	-0.0742	0.5329	0.0	0.0	0.0	0.0
0.1721	-0.499	-0.0741	0.533	0.0	0.0	0.0	0.0
0.1721	-0.4991	-0.0743	0.5331	0.0	0.0	0.0	0.0
0.1718	-0.4992	-0.0742	0.5331	0.0	0.0	0.0	0.0
0.1715	-0.4992	-0.0741	0.533	0.0	0.0	0.0	0.0
0.1716	-0.4993	-0.074	0.5331	0.0	0.0	0.0	0.0
0.1717	-0.499	-0.0738	0.5328	0.0	0.0	0.0	0.0
0.1717	-0.4991	-0.074	0.533	0.0	0.0	0.0	0.0
0.1714	-0.4991	-0.0743	0.533	0.0	0.0	0.0	0.0
0.1715	-0.4988	-0.0742	0.5327	0.0	0.0	0.0	0.0
0.1716	-0.4989	-0.0744	0.5328	0.0	0.0	0.0	0.0
0.1712	-0.499	-0.0743	0.5328	0.0	0.0	0.0	0.0
0.1713	-0.4991	-0.0742	0.5328	0.0	0.0	0.0	0.0
0.1714	-0.4991	-0.0741	0.5329	0.0	0.0	0.0	0.0
0.1715	-0.4992	-0.074	0.533	0.0	0.0	0.0	0.0
0.1715	-0.4993	-0.0738	0.5331	0.0	0.0	0.0	0.0
0.1712	-0.4994	-0.0737	0.533	0.0	0.0	0.0	0.0
0.1713	-0.4995	-0.074	0.5332	0.0	0.0	0.0	0.0
0.1714	-0.4995	-0.0742	0.5333	0.0	0.0	0.0	0.0
0.1711	-0.4992	-0.0741	0.5329	0.0	0.0	0.0	0.0
0.1708	-0.4989	-0.074	0.5325	0.0	0.0	0.0	0.0
0.1708	-0.499	-0.0739	0.5326	0.0	0.0	0.0	0.0
0.1706	-0.4987	-0.0738	0.5322	0.0	0.0	0.0	0.0
0.1707	-0.4988	-0.0736	0.5323	0.0	0.0	0.0	0.0
0.1707	-0.4989	-0.0738	0.5324	0.0	0.0	0.0	0.0
0.1708	-0.4985	-0.0737	0.5321	0.0	0.0	0.0	0.0
0.1705	-0.4986	-0.0736	0.5321	0.0	0.0	0.0	0.0
0.1706	-0.4987	-0.0735	0.5322	0.0	0.0	0.0	0.0
0.1703	-0.4987	-0.0734	0.5321	0.0	0.0	0.0	0.0
0.1704	-0.4988	-0.0732	0.5322	0.0	0.0	0.0	0.0
0.1705	-0.4989	-0.0731	0.5323	0.0	0.0	0.0	0.0
0.1706	-0.499	-0.073	0.5324	0.0	0.0	0.0	0.0
0.1706	-0.4991	-0.0729	0.5324	0.0	0.0	0.0	0.0
0.1707	-0.4991	-0.0728	0.5325	0.0	0.0	0.0	0.0
0.1708	-0.4992	-0.0728	0.5326	0.0	0.0	0.0	0.0
0.1709	-0.4993	-0.0728	0.5327	0.0	0.0	0.0	0.0
0.1709	-0.499	-0.0727	0.5324	0.0	0.0	0.0	0.0
0.171	-0.4987	-0.0727	0.5322	0.0	0.0	0.0	0.0
0.1711	-0.4988	-0.0726	0.5323	0.0	0.0	0.0	0.0
0.1712	-0.4984	-0.0726	0.532	0.0	0.0	0.0	0.0
0.1713	-0.4981	-0.0729	0.5318	0.0	0.0	0.0	0.0
0.171	-0.4978	-0.0728	0.5314	0.0	0.0	0.0	0.0
0.171	-0.4979	-0.0728	0.5315	0.0	0.0	0.0	0.0
0.1711	-0.4976	-0.0728	0.5312	0.0	0.0	0.0	0.0
0.1712	-0.4977	-0.0731	0.5313	0.0	0.0	0.0	0.0
0.1713	-0.4977	-0.073	0.5314	0.0	0.0	0.0	0.0
0.171	-0.4978	-0.0734	0.5314	0.0	0.0	0.0	0.0
0.1711	-0.4979	-0.0737	0.5316	0.0	0.0	0.0	0.0
0.1711	-0.498	-0.0736	0.5317	0.0	0.0	0.0	0.0
0.1712	-0.4981	-0.0736	0.5318	0.0	0.0	0.0	0.0
0.1709	-0.4981	-0.0739	0.5318	0.0	0.0	0.0	0.0
0.171	-0.4982	-0.0739	0.5319	0.0	0.0	0.0	0.0
0.171	-0.4983	-0.0738	0.532	0.0	0.0	0.0	0.0
0.1711	-0.4979	-0.0738	0.5317	0.0	0.0	0.0	0.0
0.1712	-0.498	-0.0737	0.5318	0.0	0.0	0.0	0.0
0.1713	-0.4981	-0.074	0.5319	0.0	0.0	0.0	0.0
0.1714	-0.4982	-0.0744	0.532	0.0	0.0	0.0	0.0
0.1715	-0.4978	-0.0743	0.5317	0.0	0.0	0.0	0.0
0.1712	-0.4979	-0.0743	0.5317	0.0	0.0	0.0	0.0
0.1713	-0.498	-0.0742	0.5318	0.0	0.0	0.0	0.0
0.1709	-0.498	-0.0742	0.5318	0.0	0.0	0.0	0.0
0.171	-0.4981	-0.0742	0.5319	0.0	0.0	0.0	0.0
0.1711	-0.4982	-0.0745	0.532	0.0	0.0	0.0	0.0
0.1708	-0.4983	-0.0747	0.532	0.0	0.0	0.0	0.0
0.1709	-0.4984	-0.0746	0.5321	0.0	0.0	0.0	0.0
0.1705	-0.4984	-0.0749	0.5321	0.0	0.0	0.0	0.0
0.1706	-0.4982	-0.0744	0.5318	0.0	0.0	0.0	0.0
0.1707	-0.4982	-0.0743	0.5319	0.0	0.0	0.0	0.0
0.1707	-0.4983	-0.0742	0.532	0.0	0.0	0.0	0.0
0.1708	-0.4984	-0.074	0.532	0.0	0.0	0.0	0.0
0.1709	-0.4985	-0.074	0.5321	0.0	0.0	0.0	0.0
0.171	-0.4982	-0.074	0.5319	0.0	0.0	0.0	0.0
0.1711	-0.4982	-0.0739	0.532	0.0	0.0	0.0	0.0
0.1711	-0.4983	-0.0739	0.5321	0.0	0.0	0.0	0.0
0.1709	-0.498	-0.0739	0.5317	0.0	0.0	0.0	0.0
0.1709	-0.4981	-0.0738	0.5318	0.0	0.0	0.0	0.0
0.171	-0.4982	-0.0738	0.5319	0.0	0.0	0.0	0.0
0.1711	-0.4983	-0.0737	0.532	0.0	0.0	0.0	0.0
0.1708	-0.498	-0.0737	0.5316	0.0	0.0	0.0	0.0
0.1709	-0.4981	-0.0737	0.5317	0.0	0.0	0.0	0.0
0.1709	-0.4981	-0.0736	0.5318	0.0	0.0	0.0	0.0
0.171	-0.4982	-0.0736	0.5319	0.0	0.0	0.0	0.0
0.1711	-0.4983	-0.0735	0.5319	0.0	0.0	0.0	0.0
0.1712	-0.4984	-0.0735	0.532	0.0	0.0	0.0	0.0
0.1712	-0.4985	-0.0734	0.5321	0.0	0.0	0.0	0.0
0.1713	-0.4985	-0.0738	0.5323	0.0	0.0	0.0	0.0
0.1714	-0.4986	-0.074	0.5324	0.0	0.0	0.0	0.0
0.1715	-0.4987	-0.074	0.5325	0.0	0.0	0.0	0.0
0.1716	-0.4984	-0.074	0.5322	0.0	0.0	0.0	0.0
0.1716	-0.4985	-0.0739	0.5323	0.0	0.0	0.0	0.0
0.1714	-0.4982	-0.0742	0.532	0.0	0.0	0.0	0.0
0.1715	-0.4983	-0.0745	0.5322	0.0	0.0	0.0	0.0
0.1712	-0.498	-0.0745	0.5318	0.0	0.0	0.0	0.0
0.1717	-0.4981	-0.0748	0.5321	0.0	0.0	0.0	0.0
0.1713	-0.4981	-0.0748	0.5321	0.0	0.0	0.0	0.0
0.1714	-0.4982	-0.0751	0.5322	0.0	0.0	0.0	0.0
0.1715	-0.4983	-0.0751	0.5323	0.0	0.0	0.0	0.0
0.1716	-0.4984	-0.075	0.5324	0.0	0.0	0.0	0.0
0.1713	-0.4985	-0.0753	0.5324	0.0	0.0	0.0	0.0
0.1714	-0.4981	-0.0753	0.5322	0.0	0.0	0.0	0.0
0.1715	-0.4982	-0.0752	0.5323	0.0	0.0	0.0	0.0
0.1716	-0.4983	-0.0756	0.5324	0.0	0.0	0.0	0.0
0.1716	-0.4984	-0.0755	0.5325	0.0	0.0	0.0	0.0
0.1713	-0.4985	-0.0755	0.5324	0.0	0.0	0.0	0.0
0.1714	-0.4985	-0.0754	0.5325	0.0	0.0	0.0	0.0
0.1715	-0.4986	-0.075	0.5326	0.0	0.0	0.0	0.0
0.1715	-0.4987	-0.075	0.5327	0.0	0.0	0.0	0.0
0.1713	-0.4988	-0.0749	0.5326	0.0	0.0	0.0	0.0
0.1709	-0.4988	-0.0749	0.5326	0.0	0.0	0.0	0.0
0.171	-0.4989	-0.0752	0.5327	0.0	0.0	0.0	0.0
0.1711	-0.4986	-0.0755	0.5325	0.0	0.0	0.0	0.0
0.1712	-0.4987	-0.0758	0.5327	0.0	0.0	0.0	0.0
0.1709	-0.4988	-0.0758	0.5326	0.0	0.0	0.0	0.0
0.1709	-0.4988	-0.0758	0.5327	0.0	0.0	0.0	0.0
0.171	-0.4989	-0.0761	0.5329	0.0	0.0	0.0	0.0
0.1711	-0.499	-0.0764	0.533	0.0	0.0	0.0	0.0
0.1712	-0.4991	-0.0763	0.5331	0.0	0.0	0.0	0.0
0.1712	-0.4992	-0.0761	0.5332	0.0	0.0	0.0	0.0
0.1713	-0.4992	-0.076	0.5333	0.0	0.0	0.0	0.0
0.1718	-0.4993	-0.0759	0.5335	0.0	0.0	0.0	0.0
0.1718	-0.4994	-0.0755	0.5335	0.0	0.0	0.0	0.0
0.1719	-0.4995	-0.0754	0.5336	0.0	0.0	0.0	0.0
0.172	-0.4996	-0.0754	0.5337	0.0	0.0	0.0	0.0
0.1717	-0.4996	-0.0754	0.5336	0.0	0.0	0.0	0.0
0.1717	-0.4997	-0.0753	0.5337	0.0	0.0	0.0	0.0
0.1718	-0.4998	-0.0757	0.5339	0.0	0.0	0.0	0.0
0.1719	-0.4999	-0.0756	0.534	0.0	0.0	0.0	0.0
0.172	-0.5	-0.076	0.5341	0.0	0.0	0.0	0.0
0.172	-0.5	-0.0759	0.5342	0.0	0.0	0.0	0.0
0.1725	-0.5	-0.0759	0.5344	0.0	0.0	0.0	0.0
0.1726	-0.5	-0.0758	0.5344	0.0	0.0	0.0	0.0
0.1726	-0.5	-0.0758	0.5344	0.0	0.0	0.0	0.0
0.1727	-0.5	-0.0758	0.5344	0.0	0.0	0.0	0.0
0.1728	-0.5	-0.0761	0.5345	0.0	0.0	0.0	0.0
0.1725	-0.4996	-0.076	0.534	0.0	0.0	0.0	0.0
0.1726	-0.4996	-0.076	0.534	0.0	0.0	0.0	0.0
0.1726	-0.4996	-0.076	0.5341	0.0	0.0	0.0	0.0
0.1727	-0.4996	-0.0763	0.5341	0.0	0.0	0.0	0.0
0.1727	-0.4996	-0.0762	0.5341	0.0	0.0	0.0	0.0
0.1727	-0.4996	-0.0765	0.5342	0.0	0.0	0.0	0.0
0.1723	-0.4996	-0.0769	0.5341	0.0	0.0	0.0	0.0
0.1723	-0.4996	-0.0768	0.5341	0.0	0.0	0.0	0.0
0.172	-0.4996	-0.0768	0.534	0.0	0.0	0.0	0.0
0.1721	-0.4996	-0.0767	0.534	0.0	0.0	0.0	0.0
0.1718	-0.4996	-0.0767	0.5339	0.0	0.0	0.0	0.0
0.1719	-0.4996	-0.0767	0.5339	0.0	0.0	0.0	0.0
0.172	-0.4996	-0.0766	0.5339	0.0	0.0	0.0	0.0
0.1721	-0.4996	-0.0766	0.534	0.0	0.0	0.0	0.0
0.1721	-0.4996	-0.0766	0.534	0.0	0.0	0.0	0.0
0.1718	-0.4996	-0.0769	0.5339	0.0	0.0	0.0	0.0
0.1719	-0.4996	-0.0769	0.5339	0.0	0.0	0.0	0.0
0.172	-0.4996	-0.0771	0.534	0.0	0.0	0.0	0.0
0.172	-0.4996	-0.0771	0.534	0.0	0.0	0.0	0.0
0.1721	-0.4996	-0.0771	0.534	0.0	0.0	0.0	0.0
0.1722	-0.4993	-0.077	0.5337	0.0	0.0	0.0	0.0
0.1719	-0.4993	-0.077	0.5336	0.0	0.0	0.0	0.0
0.172	-0.4989	-0.0769	0.5333	0.0	0.0	0.0	0.0
0.172	-0.4989	-0.0769	0.5333	0.0	0.0	0.0	0.0
0.1721	-0.4989	-0.0772	0.5334	0.0	0.0	0.0	0.0
0.1722	-0.4989	-0.0772	0.5334	0.0	0.0	0.0	0.0
0.1719	-0.4989	-0.0775	0.5333	0.0	0.0	0.0	0.0
0.1716	-0.4985	-0.0778	0.5329	0.0	0.0	0.0	0.0
0.1713	-0.4985	-0.0778	0.5328	0.0	0.0	0.0	0.0
0.1714	-0.4985	-0.0781	0.5328	0.0	0.0	0.0	0.0
0.1714	-0.4985	-0.0781	0.5329	0.0	0.0	0.0	0.0
0.1715	-0.4986	-0.078	0.533	0.0	0.0	0.0	0.0
0.1716	-0.4987	-0.078	0.5331	0.0	0.0	0.0	0.0
0.1717	-0.4984	-0.078	0.5329	0.0	0.0	0.0	0.0
0.1718	-0.4985	-0.0779	0.5329	0.0	0.0	0.0	0.0
0.1718	-0.4985	-0.0779	0.533	0.0	0.0	0.0	0.0
0.1719	-0.4986	-0.0778	0.5331	0.0	0.0	0.0	0.0
0.1723	-0.4987	-0.0781	0.5334	0.0	0.0	0.0	0.0
0.172	-0.4984	-0.0785	0.533	0.0	0.0	0.0	0.0
0.1724	-0.4981	-0.0788	0.5329	0.0	0.0	0.0	0.0
0.1725	-0.4978	-0.0787	0.5326	0.0	0.0	0.0	0.0
0.1726	-0.4979	-0.0785	0.5327	0.0	0.0	0.0	0.0
0.1726	-0.4979	-0.0784	0.5328	0.0	0.0	0.0	0.0
0.1727	-0.498	-0.0783	0.5329	0.0	0.0	0.0	0.0
0.1724	-0.4981	-0.0782	0.5328	0.0	0.0	0.0	0.0
0.1725	-0.4977	-0.0784	0.5326	0.0	0.0	0.0	0.0
0.1726	-0.4978	-0.0787	0.5327	0.0	0.0	0.0	0.0
0.1726	-0.4979	-0.0786	0.5328	0.0	0.0	0.0	0.0
0.1727	-0.498	-0.0788	0.5329	0.0	0.0	0.0	0.0
0.1724	-0.498	-0.0786	0.5329	0.0	0.0	0.0	0.0
0.1728	-0.4981	-0.0785	0.5331	0.0	0.0	0.0	0.0
0.1725	-0.4978	-0.0784	0.5327	0.0	0.0	0.0	0.0
0.1726	-0.4979	-0.0783	0.5327	0.0	0.0	0.0	0.0
0.1726	-0.498	-0.0785	0.5329	0.0	0.0	0.0	0.0
0.1724	-0.498	-0.0784	0.5328	0.0	0.0	0.0	0.0
0.1724	-0.4981	-0.0783	0.5329	0.0	0.0	0.0	0.0
0.1721	-0.4978	-0.0782	0.5325	0.0	0.0	0.0	0.0
0.1722	-0.4979	-0.0784	0.5326	0.0	0.0	0.0	0.0
0.1723	-0.498	-0.0783	0.5327	0.0	0.0	0.0	0.0
0.1724	-0.4981	-0.0782	0.5328	0.0	0.0	0.0	0.0
0.1724	-0.4981	-0.0781	0.5329	0.0	0.0	0.0	0.0
0.1725	-0.4978	-0.0779	0.5326	0.0	0.0	0.0	0.0
0.1726	-0.4979	-0.0778	0.5327	0.0	0.0	0.0	0.0
0.1727	-0.498	-0.0777	0.5328	0.0	0.0	0.0	0.0
0.1724	-0.498	-0.0776	0.5327	0.0	0.0	0.0	0.0
0.1725	-0.4977	-0.0775	0.5324	0.0	0.0	0.0	0.0
0.1721	-0.4978	-0.0777	0.5324	0.0	0.0	0.0	0.0
0.1722	-0.4975	-0.0776	0.5322	0.0	0.0	0.0	0.0
0.1723	-0.4976	-0.0776	0.5323	0.0	0.0	0.0	0.0
0.1724	-0.4977	-0.0775	0.5324	0.0	0.0	0.0	0.0
0.172	-0.4978	-0.0779	0.5324	0.0	0.0	0.0	0.0
0.1717	-0.4978	-0.0779	0.5323	0.0	0.0	0.0	0.0
0.1714	-0.4979	-0.0778	0.5323	0.0	0.0	0.0	0.0
0.1715	-0.498	-0.0781	0.5325	0.0	0.0	0.0	0.0
0.1712	-0.4981	-0.0785	0.5325	0.0	0.0	0.0	0.0
0.1712	-0.4978	-0.0784	0.5322	0.0	0.0	0.0	0.0
0.1713	-0.4978	-0.0783	0.5323	0.0	0.0	0.0	0.0
0.1717	-0.4979	-0.0782	0.5325	0.0	0.0	0.0	0.0
0.1718	-0.498	-0.0784	0.5326	0.0	0.0	0.0	0.0
0.1719	-0.4981	-0.0783	0.5327	0.0	0.0	0.0	0.0
0.172	-0.4981	-0.0785	0.5328	0.0	0.0	0.0	0.0
0.1724	-0.4982	-0.0784	0.533	0.0	0.0	0.0	0.0
0.1721	-0.4983	-0.0786	0.533	0.0	0.0	0.0	0.0
0.1726	-0.498	-0.0785	0.5329	0.0	0.0	0.0	0.0
0.1726	-0.4981	-0.0784	0.5329	0.0	0.0	0.0	0.0
0.1727	-0.4977	-0.0786	0.5327	0.0	0.0	0.0	0.0
0.1728	-0.4978	-0.0785	0.5328	0.0	0.0	0.0	0.0
0.1725	-0.4979	-0.0784	0.5327	0.0	0.0	0.0	0.0
0.1726	-0.498	-0.0786	0.5329	0.0	0.0	0.0	0.0
0.1727	-0.4981	-0.0789	0.533	0.0	0.0	0.0	0.0
0.1727	-0.4981	-0.0788	0.5331	0.0	0.0	0.0	0.0
0.1728	-0.4982	-0.0787	0.5332	0.0	0.0	0.0	0.0
0.1729	-0.4983	-0.0785	0.5332	0.0	0.0	0.0	0.0
0.1729	-0.4984	-0.0784	0.5333	0.0	0.0	0.0	0.0
0.1726	-0.4984	-0.0783	0.5333	0.0	0.0	0.0	0.0
0.1727	-0.4985	-0.0782	0.5333	0.0	0.0	0.0	0.0
0.1728	-0.4986	-0.0781	0.5334	0.0	0.0	0.0	0.0
0.1729	-0.4987	-0.078	0.5335	0.0	0.0	0.0	0.0
0.1729	-0.4988	-0.0778	0.5336	0.0	0.0	0.0	0.0
0.173	-0.4988	-0.0781	0.5337	0.0	0.0	0.0	0.0
0.1727	-0.4989	-0.078	0.5337	0.0	0.0	0.0	0.0
0.1728	-0.499	-0.0778	0.5338	0.0	0.0	0.0	0.0
0.1725	-0.4991	-0.0777	0.5337	0.0	0.0	0.0	0.0
0.1726	-0.4991	-0.0777	0.5338	0.0	0.0	0.0	0.0
0.1727	-0.4988	-0.0776	0.5335	0.0	0.0	0.0	0.0
0.1727	-0.4985	-0.0776	0.5333	0.0	0.0	0.0	0.0
0.1724	-0.4986	-0.0776	0.5332	0.0	0.0	0.0	0.0
0.1725	-0.4983	-0.0775	0.533	0.0	0.0	0.0	0.0
0.1726	-0.4984	-0.0775	0.5331	0.0	0.0	0.0	0.0
0.1722	-0.498	-0.0775	0.5326	0.0	0.0	0.0	0.0
0.1723	-0.4981	-0.0774	0.5327	0.0	0.0	0.0	0.0
0.1724	-0.4982	-0.0778	0.5329	0.0	0.0	0.0	0.0
0.1725	-0.4982	-0.078	0.533	0.0	0.0	0.0	0.0
0.1725	-0.4983	-0.078	0.5331	0.0	0.0	0.0	0.0
0.1726	-0.4984	-0.0783	0.5332	0.0	0.0	0.0	0.0
0.1731	-0.4985	-0.0786	0.5335	0.0	0.0	0.0	0.0
0.1732	-0.4982	-0.0789	0.5333	0.0	0.0	0.0	0.0
0.1733	-0.4979	-0.0789	0.5331	0.0	0.0	0.0	0.0
0.1729	-0.498	-0.0788	0.533	0.0	0.0	0.0	0.0
0.173	-0.4977	-0.0787	0.5328	0.0	0.0	0.0	0.0
0.1731	-0.4978	-0.0786	0.5328	0.0	0.0	0.0	0.0
0.1732	-0.4979	-0.0789	0.533	0.0	0.0	0.0	0.0
0.1732	-0.4979	-0.0787	0.5331	0.0	0.0	0.0	0.0
0.1733	-0.498	-0.0786	0.5331	0.0	0.0	0.0	0.0
0.1734	-0.4981	-0.0785	0.5332	0.0	0.0	0.0	0.0
0.1735	-0.4978	-0.0784	0.5329	0.0	0.0	0.0	0.0
0.1735	-0.4979	-0.0783	0.533	0.0	0.0	0.0	0.0
0.1736	-0.498	-0.0781	0.5331	0.0	0.0	0.0	0.0
0.1737	-0.498	-0.078	0.5332	0.0	0.0	0.0	0.0
0.1738	-0.4981	-0.0783	0.5333	0.0	0.0	0.0	0.0
0.1735	-0.4982	-0.0782	0.5333	0.0	0.0	0.0	0.0
0.1735	-0.4978	-0.0785	0.533	0.0	0.0	0.0	0.0
0.1732	-0.4975	-0.0784	0.5326	0.0	0.0	0.0	0.0
0.1733	-0.4972	-0.0783	0.5324	0.0	0.0	0.0	0.0
0.173	-0.4969	-0.0785	0.532	0.0	0.0	0.0	0.0
0.1731	-0.497	-0.0784	0.5321	0.0	0.0	0.0	0.0
0.1732	-0.4971	-0.0783	0.5322	0.0	0.0	0.0	0.0
0.1732	-0.4972	-0.0785	0.5323	0.0	0.0	0.0	0.0
0.1733	-0.4972	-0.0784	0.5324	0.0	0.0	0.0	0.0
0.1734	-0.4973	-0.0786	0.5325	0.0	0.0	0.0	0.0
0.1735	-0.4974	-0.0785	0.5326	0.0	0.0	0.0	0.0
0.1735	-0.4975	-0.0784	0.5327	0.0	0.0	0.0	0.0
0.1736	-0.4976	-0.0782	0.5328	0.0	0.0	0.0	0.0
0.1737	-0.4973	-0.0785	0.5326	0.0	0.0	0.0	0.0
0.1734	-0.4969	-0.0783	0.5321	0.0	0.0	0.0	0.0
0.1731	-0.497	-0.0786	0.5321	0.0	0.0	0.0	0.0
0.1731	-0.4971	-0.0785	0.5322	0.0	0.0	0.0	0.0
0.1732	-0.4972	-0.0783	0.5323	0.0	0.0	0.0	0.0
0.1733	-0.4972	-0.0785	0.5324	0.0	0.0	0.0	0.0
0.1734	-0.4969	-0.0784	0.5321	0.0	0.0	0.0	0.0
0.173	-0.497	-0.0783	0.532	0.0	0.0	0.0	0.0
0.1731	-0.4967	-0.0782	0.5317	0.0	0.0	0.0	0.0
0.1732	-0.4967	-0.0781	0.5318	0.0	0.0	0.0	0.0
0.1733	-0.4964	-0.0779	0.5315	0.0	0.0	0.0	0.0
0.1734	-0.4965	-0.0782	0.5317	0.0	0.0	0.0	0.0
0.1734	-0.4962	-0.0784	0.5314	0.0	0.0	0.0	0.0
0.1735	-0.4964	-0.0786	0.5317	0.0	0.0	0.0	0.0
0.1732	-0.4965	-0.0785	0.5317	0.0	0.0	0.0	0.0
0.1733	-0.4967	-0.0784	0.5318	0.0	0.0	0.0	0.0
0.1729	-0.4968	-0.0783	0.5319	0.0	0.0	0.0	0.0
0.173	-0.4969	-0.0782	0.5319	0.0	0.0	0.0	0.0
0.1731	-0.4966	-0.0777	0.5316	0.0	0.0	0.0	0.0
0.1732	-0.4967	-0.0776	0.5317	0.0	0.0	0.0	0.0
0.1732	-0.4968	-0.0774	0.5318	0.0	0.0	0.0	0.0
0.1733	-0.4968	-0.0773	0.5318	0.0	0.0	0.0	0.0
0.1734	-0.4973	-0.0772	0.5322	0.0	0.0	0.0	0.0
0.1735	-0.4973	-0.0775	0.5324	0.0	0.0	0.0	0.0
0.1735	-0.497	-0.0774	0.5321	0.0	0.0	0.0	0.0
0.1732	-0.4971	-0.0772	0.5321	0.0	0.0	0.0	0.0
0.1733	-0.4972	-0.0772	0.5322	0.0	0.0	0.0	0.0
0.1737	-0.4973	-0.0775	0.5324	0.0	0.0	0.0	0.0
0.1738	-0.4973	-0.0774	0.5325	0.0	0.0	0.0	0.0
0.1739	-0.497	-0.0777	0.5323	0.0	0.0	0.0	0.0
0.1739	-0.4971	-0.0777	0.5324	0.0	0.0	0.0	0.0
0.1736	-0.4972	-0.0777	0.5323	0.0	0.0	0.0	0.0
0.1733	-0.4969	-0.0776	0.5319	0.0	0.0	0.0	0.0
0.173	-0.4969	-0.0776	0.5319	0.0	0.0	0.0	0.0
0.1731	-0.497	-0.0776	0.532	0.0	0.0	0.0	0.0
0.1732	-0.4971	-0.0775	0.5321	0.0	0.0	0.0	0.0
0.1728	-0.4972	-0.0775	0.532	0.0	0.0	0.0	0.0
0.1729	-0.4973	-0.0778	0.5322	0.0	0.0	0.0	0.0
0.1726	-0.4973	-0.0781	0.5322	0.0	0.0	0.0	0.0
0.1723	-0.4974	-0.0784	0.5322	0.0	0.0	0.0	0.0
0.1724	-0.4975	-0.0787	0.5324	0.0	0.0	0.0	0.0
0.1725	-0.4976	-0.0787	0.5325	0.0	0.0	0.0	0.0
0.1726	-0.4972	-0.079	0.5322	0.0	0.0	0.0	0.0
0.1726	-0.4973	-0.0789	0.5323	0.0	0.0	0.0	0.0
0.1727	-0.4974	-0.0791	0.5324	0.0	0.0	0.0	0.0
0.1728	-0.4974	-0.079	0.5325	0.0	0.0	0.0	0.0
0.1729	-0.4975	-0.0788	0.5326	0.0	0.0	0.0	0.0
0.1726	-0.4976	-0.0787	0.5325	0.0	0.0	0.0	0.0
0.173	-0.4977	-0.079	0.5328	0.0	0.0	0.0	0.0
0.1731	-0.4978	-0.0788	0.5329	0.0	0.0	0.0	0.0
0.1732	-0.4978	-0.0787	0.5329	0.0	0.0	0.0	0.0
0.1733	-0.4975	-0.079	0.5327	0.0	0.0	0.0	0.0
0.1733	-0.4976	-0.0789	0.5328	0.0	0.0	0.0	0.0
0.1734	-0.4977	-0.0788	0.5329	0.0	0.0	0.0	0.0
0.1735	-0.4977	-0.0786	0.5329	0.0	0.0	0.0	0.0
0.1736	-0.4978	-0.0785	0.533	0.0	0.0	0.0	0.0
0.1736	-0.4979	-0.0784	0.5331	0.0	0.0	0.0	0.0
0.1737	-0.4976	-0.0783	0.5328	0.0	0.0	0.0	0.0
0.1738	-0.4977	-0.0785	0.5329	0.0	0.0	0.0	0.0
0.1739	-0.4977	-0.0784	0.533	0.0	0.0	0.0	0.0
0.174	-0.4974	-0.0786	0.5328	0.0	0.0	0.0	0.0
0.1736	-0.4975	-0.0785	0.5327	0.0	0.0	0.0	0.0
0.1741	-0.4972	-0.0784	0.5326	0.0	0.0	0.0	0.0
0.1738	-0.4972	-0.0783	0.5325	0.0	0.0	0.0	0.0
0.1743	-0.4973	-0.0781	0.5327	0.0	0.0	0.0	0.0
0.1744	-0.4974	-0.0784	0.5329	0.0	0.0	0.0	0.0
0.1741	-0.4975	-0.0786	0.5329	0.0	0.0	0.0	0.0
0.1741	-0.4975	-0.0785	0.5329	0.0	0.0	0.0	0.0
0.1742	-0.4976	-0.0783	0.533	0.0	0.0	0.0	0.0
0.1739	-0.4977	-0.0782	0.533	0.0	0.0	0.0	0.0
0.1736	-0.4978	-0.0781	0.5329	0.0	0.0	0.0	0.0
0.1733	-0.4978	-0.078	0.5329	0.0	0.0	0.0	0.0
0.1734	-0.4975	-0.0779	0.5326	0.0	0.0	0.0	0.0
0.1735	-0.4976	-0.0778	0.5327	0.0	0.0	0.0	0.0
0.1735	-0.4977	-0.0777	0.5327	0.0	0.0	0.0	0.0
0.1736	-0.4974	-0.0775	0.5325	0.0	0.0	0.0	0.0
0.1737	-0.4975	-0.0779	0.5327	0.0	0.0	0.0	0.0
0.1738	-0.4972	-0.0779	0.5324	0.0	0.0	0.0	0.0
0.1739	-0.4973	-0.0778	0.5325	0.0	0.0	0.0	0.0
0.1735	-0.4974	-0.0778	0.5325	0.0	0.0	0.0	0.0
0.1736	-0.4975	-0.0778	0.5326	0.0	0.0	0.0	0.0
0.1737	-0.4975	-0.0777	0.5327	0.0	0.0	0.0	0.0
0.1738	-0.4976	-0.0777	0.5328	0.0	0.0	0.0	0.0
0.1735	-0.4977	-0.0777	0.5327	0.0	0.0	0.0	0.0
0.1735	-0.4978	-0.078	0.5329	0.0	0.0	0.0	0.0
0.1736	-0.4975	-0.078	0.5327	0.0	0.0	0.0	0.0
0.1737	-0.4976	-0.0779	0.5328	0.0	0.0	0.0	0.0
0.1738	-0.4977	-0.0779	0.5328	0.0	0.0	0.0	0.0
0.1734	-0.4973	-0.0782	0.5325	0.0	0.0	0.0	0.0
0.1735	-0.4974	-0.0785	0.5326	0.0	0.0	0.0	0.0
0.1736	-0.4975	-0.0789	0.5328	0.0	0.0	0.0	0.0
0.1737	-0.4975	-0.0792	0.5329	0.0	0.0	0.0	0.0
0.1738	-0.4976	-0.0791	0.533	0.0	0.0	0.0	0.0
0.1738	-0.4977	-0.0791	0.5331	0.0	0.0	0.0	0.0
0.1743	-0.4978	-0.0793	0.5334	0.0	0.0	0.0	0.0
0.1744	-0.4979	-0.0792	0.5334	0.0	0.0	0.0	0.0
0.1744	-0.4979	-0.0791	0.5335	0.0	0.0	0.0	0.0
0.1745	-0.498	-0.079	0.5336	0.0	0.0	0.0	0.0
0.1746	-0.4981	-0.0789	0.5337	0.0	0.0	0.0	0.0
0.1747	-0.4982	-0.0787	0.5338	0.0	0.0	0.0	0.0
0.1748	-0.4983	-0.0786	0.5338	0.0	0.0	0.0	0.0
0.1744	-0.4983	-0.0786	0.5338	0.0	0.0	0.0	0.0
0.1745	-0.4984	-0.0789	0.534	0.0	0.0	0.0	0.0
0.1746	-0.4985	-0.0791	0.5341	0.0	0.0	0.0	0.0
0.1747	-0.4986	-0.079	0.5342	0.0	0.0	0.0	0.0
0.1748	-0.4987	-0.0793	0.5343	0.0	0.0	0.0	0.0
0.1744	-0.4987	-0.0791	0.5343	0.0	0.0	0.0	0.0
0.1745	-0.4988	-0.079	0.5343	0.0	0.0	0.0	0.0
0.1746	-0.4989	-0.0789	0.5344	0.0	0.0	0.0	0.0
0.1747	-0.499	-0.0791	0.5345	0.0	0.0	0.0	0.0
0.1748	-0.499	-0.0794	0.5347	0.0	0.0	0.0	0.0
0.1748	-0.4987	-0.0792	0.5344	0.0	0.0	0.0	0.0
0.1749	-0.4984	-0.0791	0.5341	0.0	0.0	0.0	0.0
0.175	-0.4985	-0.079	0.5342	0.0	0.0	0.0	0.0
0.1751	-0.4985	-0.0789	0.5342	0.0	0.0	0.0	0.0
0.1752	-0.4986	-0.0791	0.5344	0.0	0.0	0.0	0.0
0.1752	-0.4987	-0.0794	0.5345	0.0	0.0	0.0	0.0
0.1753	-0.4984	-0.0796	0.5343	0.0	0.0	0.0	0.0
0.1754	-0.4981	-0.0798	0.5341	0.0	0.0	0.0	0.0
0.1755	-0.4982	-0.0801	0.5342	0.0	0.0	0.0	0.0
0.1755	-0.4983	-0.0799	0.5343	0.0	0.0	0.0	0.0
0.1755	-0.498	-0.0798	0.534	0.0	0.0	0.0	0.0
0.1755	-0.498	-0.0797	0.534	0.0	0.0	0.0	0.0
0.1755	-0.4981	-0.0796	0.5341	0.0	0.0	0.0	0.0
0.1755	-0.4982	-0.0798	0.5342	0.0	0.0	0.0	0.0
0.1755	-0.4979	-0.0797	0.5339	0.0	0.0	0.0	0.0
0.1755	-0.498	-0.0796	0.5339	0.0	0.0	0.0	0.0
0.1755	-0.498	-0.0798	0.534	0.0	0.0	0.0	0.0
0.1755	-0.4981	-0.0797	0.5341	0.0	0.0	0.0	0.0
0.1755	-0.4978	-0.0799	0.5338	0.0	0.0	0.0	0.0
0.1755	-0.4979	-0.0801	0.534	0.0	0.0	0.0	0.0
0.1755	-0.4976	-0.08	0.5336	0.0	0.0	0.0	0.0
0.1751	-0.4976	-0.0803	0.5336	0.0	0.0	0.0	0.0
0.1751	-0.4974	-0.0802	0.5333	0.0	0.0	0.0	0.0
0.1751	-0.4974	-0.0804	0.5335	0.0	0.0	0.0	0.0
0.1751	-0.4975	-0.0803	0.5335	0.0	0.0	0.0	0.0
0.1755	-0.4976	-0.0802	0.5337	0.0	0.0	0.0	0.0
0.1751	-0.4973	-0.0804	0.5333	0.0	0.0	0.0	0.0
0.1751	-0.4974	-0.0807	0.5334	0.0	0.0	0.0	0.0
0.1751	-0.4974	-0.0809	0.5335	0.0	0.0	0.0	0.0
0.1751	-0.4971	-0.0811	0.5333	0.0	0.0	0.0	0.0
0.1751	-0.4972	-0.081	0.5333	0.0	0.0	0.0	0.0
0.1751	-0.4969	-0.0808	0.533	0.0	0.0	0.0	0.0
0.1751	-0.4969	-0.0806	0.533	0.0	0.0	0.0	0.0
0.1751	-0.497	-0.0808	0.5331	0.0	0.0	0.0	0.0
0.1747	-0.4971	-0.0809	0.5331	0.0	0.0	0.0	0.0
0.1747	-0.4972	-0.0811	0.5332	0.0	0.0	0.0	0.0
0.1747	-0.4972	-0.0812	0.5333	0.0	0.0	0.0	0.0
0.1747	-0.4973	-0.0814	0.5334	0.0	0.0	0.0	0.0
0.1743	-0.4974	-0.0816	0.5333	0.0	0.0	0.0	0.0
0.1743	-0.4975	-0.0814	0.5334	0.0	0.0	0.0	0.0
0.1743	-0.4976	-0.0812	0.5334	0.0	0.0	0.0	0.0
0.1743	-0.4973	-0.0806	0.5331	0.0	0.0	0.0	0.0
0.1743	-0.4974	-0.0804	0.5331	0.0	0.0	0.0	0.0
0.1743	-0.4974	-0.0802	0.5332	0.0	0.0	0.0	0.0
0.1743	-0.4975	-0.0804	0.5333	0.0	0.0	0.0	0.0
0.1743	-0.4976	-0.0802	0.5333	0.0	0.0	0.0	0.0
0.1743	-0.4977	-0.0804	0.5334	0.0	0.0	0.0	0.0
0.1743	-0.4974	-0.0802	0.5331	0.0	0.0	0.0	0.0
0.1743	-0.497	-0.08	0.5328	0.0	0.0	0.0	0.0
0.1743	-0.4971	-0.0798	0.5328	0.0	0.0	0.0	0.0
0.1743	-0.4972	-0.0796	0.5329	0.0	0.0	0.0	0.0
0.1743	-0.4973	-0.0795	0.5329	0.0	0.0	0.0	0.0
0.1743	-0.4974	-0.0794	0.533	0.0	0.0	0.0	0.0
0.1743	-0.4974	-0.0793	0.533	0.0	0.0	0.0	0.0
0.1743	-0.4975	-0.0792	0.5331	0.0	0.0	0.0	0.0
0.1743	-0.4976	-0.0791	0.5331	0.0	0.0	0.0	0.0
0.1743	-0.4977	-0.0789	0.5332	0.0	0.0	0.0	0.0
0.1747	-0.4978	-0.0792	0.5334	0.0	0.0	0.0	0.0
0.1743	-0.4978	-0.0791	0.5334	0.0	0.0	0.0	0.0
0.1743	-0.4975	-0.079	0.533	0.0	0.0	0.0	0.0
0.1739	-0.4976	-0.0789	0.533	0.0	0.0	0.0	0.0
0.1743	-0.4977	-0.0787	0.5331	0.0	0.0	0.0	0.0
0.1739	-0.4977	-0.0786	0.5331	0.0	0.0	0.0	0.0
0.1739	-0.4978	-0.0785	0.5331	0.0	0.0	0.0	0.0
0.1735	-0.4979	-0.0784	0.533	0.0	0.0	0.0	0.0
0.1735	-0.4975	-0.0787	0.5327	0.0	0.0	0.0	0.0
0.1732	-0.4976	-0.0786	0.5327	0.0	0.0	0.0	0.0
0.1732	-0.4977	-0.0785	0.5327	0.0	0.0	0.0	0.0
0.1732	-0.4977	-0.0784	0.5328	0.0	0.0	0.0	0.0
0.1733	-0.4978	-0.0783	0.5329	0.0	0.0	0.0	0.0
0.1734	-0.4979	-0.0786	0.533	0.0	0.0	0.0	0.0
0.1735	-0.498	-0.0786	0.5331	0.0	0.0	0.0	0.0
0.1735	-0.4981	-0.0785	0.5332	0.0	0.0	0.0	0.0
0.1732	-0.4977	-0.0785	0.5328	0.0	0.0	0.0	0.0
0.1729	-0.4978	-0.0788	0.5328	0.0	0.0	0.0	0.0
0.173	-0.4978	-0.0791	0.533	0.0	0.0	0.0	0.0
0.1727	-0.4975	-0.0794	0.5326	0.0	0.0	0.0	0.0
0.1728	-0.4972	-0.0794	0.5323	0.0	0.0	0.0	0.0
0.1728	-0.4973	-0.0794	0.5324	0.0	0.0	0.0	0.0
0.1729	-0.4973	-0.0789	0.5324	0.0	0.0	0.0	0.0
0.173	-0.4974	-0.0788	0.5325	0.0	0.0	0.0	0.0
0.173	-0.4975	-0.0788	0.5326	0.0	0.0	0.0	0.0
0.1731	-0.4976	-0.0788	0.5327	0.0	0.0	0.0	0.0
0.1732	-0.4972	-0.0787	0.5324	0.0	0.0	0.0	0.0
0.1733	-0.4969	-0.079	0.5322	0.0	0.0	0.0	0.0
0.1734	-0.497	-0.0793	0.5323	0.0	0.0	0.0	0.0
0.1735	-0.4967	-0.0793	0.5321	0.0	0.0	0.0	0.0
0.1735	-0.4968	-0.0793	0.5322	0.0	0.0	0.0	0.0
0.1736	-0.4969	-0.0792	0.5323	0.0	0.0	0.0	0.0
0.1737	-0.497	-0.0795	0.5324	0.0	0.0	0.0	0.0
0.1734	-0.497	-0.0795	0.5324	0.0	0.0	0.0	0.0
0.1731	-0.4971	-0.0795	0.5323	0.0	0.0	0.0	0.0
0.1732	-0.4972	-0.0794	0.5325	0.0	0.0	0.0	0.0
0.1732	-0.497	-0.0794	0.5323	0.0	0.0	0.0	0.0
0.1733	-0.497	-0.0793	0.5323	0.0	0.0	0.0	0.0
0.1734	-0.4971	-0.0793	0.5324	0.0	0.0	0.0	0.0
0.1738	-0.4972	-0.0793	0.5326	0.0	0.0	0.0	0.0
0.1739	-0.4973	-0.0792	0.5327	0.0	0.0	0.0	0.0
0.1736	-0.4974	-0.0792	0.5327	0.0	0.0	0.0	0.0
0.1737	-0.4974	-0.0791	0.5328	0.0	0.0	0.0	0.0
0.1734	-0.4971	-0.0795	0.5324	0.0	0.0	0.0	0.0
0.1734	-0.4972	-0.0798	0.5326	0.0	0.0	0.0	0.0
0.1731	-0.4973	-0.0801	0.5326	0.0	0.0	0.0	0.0
0.1728	-0.497	-0.0804	0.5323	0.0	0.0	0.0	0.0
0.1733	-0.497	-0.0804	0.5325	0.0	0.0	0.0	0.0
0.1729	-0.4971	-0.0803	0.5324	0.0	0.0	0.0	0.0
0.173	-0.4972	-0.0803	0.5325	0.0	0.0	0.0	0.0
0.1727	-0.4969	-0.0803	0.5321	0.0	0.0	0.0	0.0
0.1728	-0.497	-0.0802	0.5322	0.0	0.0	0.0	0.0
0.1729	-0.497	-0.0802	0.5323	0.0	0.0	0.0	0.0
0.1726	-0.4971	-0.0805	0.5323	0.0	0.0	0.0	0.0
0.1726	-0.4972	-0.0804	0.5324	0.0	0.0	0.0	0.0
0.1727	-0.4973	-0.0804	0.5325	0.0	0.0	0.0	0.0
0.1728	-0.4974	-0.0804	0.5326	0.0	0.0	0.0	0.0
0.1729	-0.4974	-0.0803	0.5327	0.0	0.0	0.0	0.0
0.1725	-0.4975	-0.0803	0.5327	0.0	0.0	0.0	0.0
0.1726	-0.4976	-0.0803	0.5328	0.0	0.0	0.0	0.0
0.1727	-0.4977	-0.0802	0.5328	0.0	0.0	0.0	0.0
0.1728	-0.4974	-0.0802	0.5326	0.0	0.0	0.0	0.0
0.1729	-0.497	-0.0805	0.5324	0.0	0.0	0.0	0.0
0.1729	-0.4971	-0.0804	0.5325	0.0	0.0	0.0	0.0
0.173	-0.4968	-0.0804	0.5322	0.0	0.0	0.0	0.0
0.1731	-0.4969	-0.0804	0.5323	0.0	0.0	0.0	0.0
0.1732	-0.497	-0.0803	0.5324	0.0	0.0	0.0	0.0
0.1729	-0.497	-0.0803	0.5323	0.0	0.0	0.0	0.0
0.1729	-0.4971	-0.0802	0.5324	0.0	0.0	0.0	0.0
0.173	-0.4968	-0.0806	0.5322	0.0	0.0	0.0	0.0
0.1731	-0.4969	-0.0809	0.5324	0.0	0.0	0.0	0.0
0.1732	-0.497	-0.0808	0.5324	0.0	0.0	0.0	0.0
0.1733	-0.4967	-0.0808	0.5322	0.0	0.0	0.0	0.0
0.173	-0.4967	-0.0808	0.5321	0.0	0.0	0.0	0.0
0.173	-0.4968	-0.0811	0.5323	0.0	0.0	0.0	0.0
0.1731	-0.4969	-0.081	0.5324	0.0	0.0	0.0	0.0
0.1732	-0.497	-0.081	0.5325	0.0	0.0	0.0	0.0
0.1733	-0.497	-0.0809	0.5326	0.0	0.0	0.0	0.0
0.1734	-0.4967	-0.0809	0.5323	0.0	0.0	0.0	0.0
0.1734	-0.4968	-0.0809	0.5324	0.0	0.0	0.0	0.0
0.1735	-0.4965	-0.0808	0.5321	0.0	0.0	0.0	0.0
0.1736	-0.4966	-0.0808	0.5322	0.0	0.0	0.0	0.0
0.1733	-0.4967	-0.0807	0.5322	0.0	0.0	0.0	0.0
0.1734	-0.4963	-0.0807	0.5319	0.0	0.0	0.0	0.0
0.1734	-0.4964	-0.0807	0.532	0.0	0.0	0.0	0.0
0.1735	-0.4965	-0.081	0.5321	0.0	0.0	0.0	0.0
0.1736	-0.4966	-0.0809	0.5322	0.0	0.0	0.0	0.0
0.1737	-0.4967	-0.0812	0.5324	0.0	0.0	0.0	0.0
0.1737	-0.4967	-0.0812	0.5325	0.0	0.0	0.0	0.0
0.1738	-0.4968	-0.0812	0.5326	0.0	0.0	0.0	0.0
0.1739	-0.4969	-0.0811	0.5327	0.0	0.0	0.0	0.0
0.174	-0.4966	-0.0811	0.5324	0.0	0.0	0.0	0.0
0.1741	-0.4967	-0.081	0.5325	0.0	0.0	0.0	0.0
0.1741	-0.4967	-0.081	0.5326	0.0	0.0	0.0	0.0
0.1742	-0.4968	-0.081	0.5327	0.0	0.0	0.0	0.0
0.1743	-0.4969	-0.0809	0.5328	0.0	0.0	0.0	0.0
0.174	-0.497	-0.0809	0.5327	0.0	0.0	0.0	0.0
0.1741	-0.4971	-0.0812	0.5329	0.0	0.0	0.0	0.0
0.1741	-0.4971	-0.0815	0.533	0.0	0.0	0.0	0.0
0.1742	-0.4972	-0.0815	0.5331	0.0	0.0	0.0	0.0
0.1746	-0.4969	-0.0814	0.533	0.0	0.0	0.0	0.0
0.1743	-0.497	-0.0814	0.5329	0.0	0.0	0.0	0.0
0.1744	-0.4967	-0.0813	0.5327	0.0	0.0	0.0	0.0
0.1741	-0.4967	-0.0813	0.5326	0.0	0.0	0.0	0.0
0.1742	-0.4968	-0.0816	0.5328	0.0	0.0	0.0	0.0
0.1739	-0.4965	-0.0819	0.5324	0.0	0.0	0.0	0.0
0.1736	-0.4966	-0.0819	0.5324	0.0	0.0	0.0	0.0
0.174	-0.4967	-0.0822	0.5326	0.0	0.0	0.0	0.0
0.1741	-0.4967	-0.0826	0.5328	0.0	0.0	0.0	0.0
0.1742	-0.4968	-0.0828	0.5329	0.0	0.0	0.0	0.0
0.1743	-0.4969	-0.0831	0.5331	0.0	0.0	0.0	0.0
0.1743	-0.497	-0.083	0.5332	0.0	0.0	0.0	0.0
0.174	-0.4971	-0.0829	0.5331	0.0	0.0	0.0	0.0
0.1737	-0.4971	-0.0828	0.5331	0.0	0.0	0.0	0.0
0.1738	-0.4968	-0.0827	0.5328	0.0	0.0	0.0	0.0
0.1739	-0.4965	-0.0826	0.5325	0.0	0.0	0.0	0.0
0.1739	-0.4962	-0.0828	0.5323	0.0	0.0	0.0	0.0
0.174	-0.4963	-0.0827	0.5324	0.0	0.0	0.0	0.0
0.1741	-0.496	-0.0826	0.5321	0.0	0.0	0.0	0.0
0.1742	-0.496	-0.0824	0.5322	0.0	0.0	0.0	0.0
0.1742	-0.4961	-0.0819	0.5322	0.0	0.0	0.0	0.0
0.1743	-0.4962	-0.0818	0.5323	0.0	0.0	0.0	0.0
0.1747	-0.4963	-0.0817	0.5325	0.0	0.0	0.0	0.0
0.1744	-0.496	-0.0816	0.532	0.0	0.0	0.0	0.0
0.1745	-0.496	-0.0815	0.5321	0.0	0.0	0.0	0.0
0.1746	-0.4961	-0.0817	0.5323	0.0	0.0	0.0	0.0
0.1747	-0.4962	-0.0817	0.5323	0.0	0.0	0.0	0.0
0.1747	-0.4963	-0.082	0.5325	0.0	0.0	0.0	0.0
0.1744	-0.4964	-0.0819	0.5325	0.0	0.0	0.0	0.0
0.1745	-0.4964	-0.0819	0.5325	0.0	0.0	0.0	0.0
0.1742	-0.4965	-0.0819	0.5325	0.0	0.0	0.0	0.0
0.1743	-0.4966	-0.0818	0.5326	0.0	0.0	0.0	0.0
0.1743	-0.4967	-0.0818	0.5327	0.0	0.0	0.0	0.0
0.1744	-0.4963	-0.0817	0.5324	0.0	0.0	0.0	0.0
0.1745	-0.4964	-0.0817	0.5325	0.0	0.0	0.0	0.0
0.1746	-0.4965	-0.082	0.5326	0.0	0.0	0.0	0.0
0.1747	-0.4962	-0.0823	0.5324	0.0	0.0	0.0	0.0
0.1748	-0.4962	-0.0823	0.5325	0.0	0.0	0.0	0.0
0.1748	-0.4963	-0.0822	0.5326	0.0	0.0	0.0	0.0
0.1745	-0.4964	-0.0822	0.5326	0.0	0.0	0.0	0.0
0.1746	-0.4965	-0.0825	0.5327	0.0	0.0	0.0	0.0
0.1747	-0.4966	-0.0825	0.5328	0.0	0.0	0.0	0.0
0.1748	-0.4962	-0.0828	0.5326	0.0	0.0	0.0	0.0
0.1749	-0.4959	-0.0831	0.5324	0.0	0.0	0.0	0.0
0.1753	-0.4956	-0.0833	0.5323	0.0	0.0	0.0	0.0
0.1754	-0.4953	-0.0836	0.532	0.0	0.0	0.0	0.0
0.1755	-0.4954	-0.0834	0.5321	0.0	0.0	0.0	0.0
0.1755	-0.4955	-0.0829	0.5321	0.0	0.0	0.0	0.0
0.1756	-0.4956	-0.0828	0.5322	0.0	0.0	0.0	0.0
0.1753	-0.4956	-0.0827	0.5322	0.0	0.0	0.0	0.0
0.1754	-0.4957	-0.0826	0.5323	0.0	0.0	0.0	0.0
0.175	-0.4958	-0.0828	0.5323	0.0	0.0	0.0	0.0
0.1751	-0.4959	-0.0831	0.5324	0.0	0.0	0.0	0.0
0.1752	-0.4955	-0.0833	0.5322	0.0	0.0	0.0	0.0
0.1753	-0.4956	-0.0832	0.5322	0.0	0.0	0.0	0.0
0.1754	-0.4953	-0.083	0.532	0.0	0.0	0.0	0.0
0.1754	-0.495	-0.0829	0.5317	0.0	0.0	0.0	0.0
0.1751	-0.4951	-0.0828	0.5316	0.0	0.0	0.0	0.0
0.1748	-0.4952	-0.0827	0.5316	0.0	0.0	0.0	0.0
0.1745	-0.4952	-0.0826	0.5315	0.0	0.0	0.0	0.0
0.1749	-0.4953	-0.0828	0.5318	0.0	0.0	0.0	0.0
0.175	-0.4954	-0.0831	0.5319	0.0	0.0	0.0	0.0
0.1751	-0.4955	-0.0829	0.532	0.0	0.0	0.0	0.0
0.1752	-0.4955	-0.0832	0.5321	0.0	0.0	0.0	0.0
0.1753	-0.4956	-0.0834	0.5323	0.0	0.0	0.0	0.0
0.1753	-0.4957	-0.0833	0.5324	0.0	0.0	0.0	0.0
0.1754	-0.4954	-0.0832	0.5321	0.0	0.0	0.0	0.0
0.1751	-0.4951	-0.0831	0.5317	0.0	0.0	0.0	0.0
0.1752	-0.4952	-0.0829	0.5317	0.0	0.0	0.0	0.0
0.1752	-0.4952	-0.0828	0.5318	0.0	0.0	0.0	0.0
0.1753	-0.4953	-0.083	0.532	0.0	0.0	0.0	0.0
0.1754	-0.495	-0.0833	0.5317	0.0	0.0	0.0	0.0
0.1755	-0.4951	-0.0835	0.5319	0.0	0.0	0.0	0.0
0.1756	-0.4952	-0.0834	0.5319	0.0	0.0	0.0	0.0
0.176	-0.4952	-0.0833	0.5321	0.0	0.0	0.0	0.0
0.1761	-0.4953	-0.0831	0.5322	0.0	0.0	0.0	0.0
0.1762	-0.495	-0.083	0.5319	0.0	0.0	0.0	0.0
0.1762	-0.4951	-0.0829	0.532	0.0	0.0	0.0	0.0
0.1763	-0.4947	-0.0828	0.5317	0.0	0.0	0.0	0.0
0.176	-0.4945	-0.0827	0.5313	0.0	0.0	0.0	0.0
0.1761	-0.4945	-0.0826	0.5314	0.0	0.0	0.0	0.0
0.1762	-0.4942	-0.0828	0.5312	0.0	0.0	0.0	0.0
0.1763	-0.4943	-0.0831	0.5313	0.0	0.0	0.0	0.0
0.176	-0.4944	-0.083	0.5313	0.0	0.0	0.0	0.0
0.1765	-0.4945	-0.0832	0.5316	0.0	0.0	0.0	0.0
0.1763	-0.4945	-0.0834	0.5316	0.0	0.0	0.0	0.0
0.1764	-0.4946	-0.0833	0.5317	0.0	0.0	0.0	0.0
0.1761	-0.4943	-0.0832	0.5313	0.0	0.0	0.0	0.0
0.1762	-0.4944	-0.0831	0.5314	0.0	0.0	0.0	0.0
0.1758	-0.4945	-0.0833	0.5314	0.0	0.0	0.0	0.0
0.1759	-0.4942	-0.0832	0.5311	0.0	0.0	0.0	0.0
0.176	-0.4943	-0.0831	0.5312	0.0	0.0	0.0	0.0
0.1761	-0.4943	-0.0829	0.5313	0.0	0.0	0.0	0.0
0.1762	-0.4944	-0.0828	0.5314	0.0	0.0	0.0	0.0
0.1762	-0.4945	-0.0827	0.5314	0.0	0.0	0.0	0.0
0.1763	-0.4942	-0.0826	0.5312	0.0	0.0	0.0	0.0
0.1764	-0.4943	-0.0825	0.5312	0.0	0.0	0.0	0.0
0.1761	-0.494	-0.0827	0.5309	0.0	0.0	0.0	0.0
0.1762	-0.4936	-0.0826	0.5306	0.0	0.0	0.0	0.0
0.1762	-0.4937	-0.0828	0.5307	0.0	0.0	0.0	0.0
0.1763	-0.4935	-0.0827	0.5305	0.0	0.0	0.0	0.0
0.1764	-0.4936	-0.0826	0.5306	0.0	0.0	0.0	0.0
0.1765	-0.4938	-0.0825	0.5308	0.0	0.0	0.0	0.0
0.1765	-0.4943	-0.0824	0.5313	0.0	0.0	0.0	0.0
0.1766	-0.4945	-0.0826	0.5315	0.0	0.0	0.0	0.0
0.1767	-0.4946	-0.0828	0.5317	0.0	0.0	0.0	0.0
0.1768	-0.4946	-0.0831	0.5318	0.0	0.0	0.0	0.0
0.1765	-0.4943	-0.0829	0.5314	0.0	0.0	0.0	0.0
0.1766	-0.494	-0.0828	0.5311	0.0	0.0	0.0	0.0
0.1766	-0.4937	-0.0827	0.5308	0.0	0.0	0.0	0.0
0.1767	-0.4933	-0.0826	0.5305	0.0	0.0	0.0	0.0
0.1765	-0.4931	-0.0828	0.5302	0.0	0.0	0.0	0.0
0.1761	-0.4933	-0.0827	0.5303	0.0	0.0	0.0	0.0
0.1762	-0.4934	-0.0826	0.5304	0.0	0.0	0.0	0.0
0.1763	-0.4936	-0.0824	0.5306	0.0	0.0	0.0	0.0
0.1763	-0.494	-0.0826	0.531	0.0	0.0	0.0	0.0
0.1764	-0.4942	-0.0828	0.5312	0.0	0.0	0.0	0.0
0.1761	-0.4944	-0.0827	0.5313	0.0	0.0	0.0	0.0
0.1762	-0.4941	-0.0826	0.531	0.0	0.0	0.0	0.0
0.1762	-0.4942	-0.0825	0.5311	0.0	0.0	0.0	0.0
0.1763	-0.494	-0.0824	0.5309	0.0	0.0	0.0	0.0
0.1764	-0.4937	-0.0822	0.5307	0.0	0.0	0.0	0.0
0.1765	-0.4939	-0.0821	0.5309	0.0	0.0	0.0	0.0
0.1765	-0.494	-0.082	0.531	0.0	0.0	0.0	0.0
0.1766	-0.4942	-0.0819	0.5312	0.0	0.0	0.0	0.0
0.1767	-0.4944	-0.0818	0.5313	0.0	0.0	0.0	0.0
0.1768	-0.4945	-0.0816	0.5315	0.0	0.0	0.0	0.0
0.1768	-0.4946	-0.0815	0.5315	0.0	0.0	0.0	0.0
0.1769	-0.4947	-0.0814	0.5316	0.0	0.0	0.0	0.0
0.177	-0.4948	-0.0813	0.5317	0.0	0.0	0.0	0.0
0.1771	-0.4948	-0.0815	0.5319	0.0	0.0	0.0	0.0
0.1771	-0.4946	-0.0814	0.5316	0.0	0.0	0.0	0.0
0.1768	-0.4942	-0.0814	0.5312	0.0	0.0	0.0	0.0
0.1769	-0.4943	-0.0817	0.5313	0.0	0.0	0.0	0.0
0.177	-0.4944	-0.0819	0.5314	0.0	0.0	0.0	0.0
0.1766	-0.4945	-0.0818	0.5314	0.0	0.0	0.0	0.0
0.1767	-0.4945	-0.0817	0.5315	0.0	0.0	0.0	0.0
0.1764	-0.4946	-0.0813	0.5314	0.0	0.0	0.0	0.0
0.1765	-0.4947	-0.0813	0.5315	0.0	0.0	0.0	0.0
0.1765	-0.4947	-0.0812	0.5315	0.0	0.0	0.0	0.0
0.1766	-0.4948	-0.0812	0.5317	0.0	0.0	0.0	0.0
0.1764	-0.4946	-0.0814	0.5314	0.0	0.0	0.0	0.0
0.1761	-0.4943	-0.0817	0.531	0.0	0.0	0.0	0.0
0.1762	-0.4939	-0.0817	0.5307	0.0	0.0	0.0	0.0
0.1763	-0.4936	-0.082	0.5305	0.0	0.0	0.0	0.0
0.1763	-0.4936	-0.082	0.5306	0.0	0.0	0.0	0.0
0.176	-0.4937	-0.082	0.5305	0.0	0.0	0.0	0.0
0.1757	-0.4942	-0.0815	0.5308	0.0	0.0	0.0	0.0
0.1757	-0.4947	-0.0815	0.5313	0.0	0.0	0.0	0.0
0.1758	-0.4948	-0.0814	0.5314	0.0	0.0	0.0	0.0
0.1762	-0.4945	-0.0814	0.5312	0.0	0.0	0.0	0.0
0.1763	-0.4941	-0.0813	0.5309	0.0	0.0	0.0	0.0
0.1764	-0.4938	-0.0817	0.5307	0.0	0.0	0.0	0.0
0.1761	-0.4935	-0.0816	0.5303	0.0	0.0	0.0	0.0
0.1762	-0.4936	-0.0816	0.5304	0.0	0.0	0.0	0.0
0.1763	-0.4937	-0.0815	0.5305	0.0	0.0	0.0	0.0
0.1763	-0.4937	-0.0811	0.5305	0.0	0.0	0.0	0.0
0.1764	-0.4938	-0.0811	0.5306	0.0	0.0	0.0	0.0
0.1765	-0.4943	-0.0814	0.5312	0.0	0.0	0.0	0.0
0.1762	-0.4948	-0.0817	0.5315	0.0	0.0	0.0	0.0
0.1763	-0.4949	-0.0821	0.5317	0.0	0.0	0.0	0.0
0.1763	-0.4949	-0.0824	0.5318	0.0	0.0	0.0	0.0
0.1764	-0.495	-0.0823	0.5319	0.0	0.0	0.0	0.0
0.1762	-0.4948	-0.0823	0.5316	0.0	0.0	0.0	0.0
0.1762	-0.4945	-0.0819	0.5313	0.0	0.0	0.0	0.0
0.1763	-0.4942	-0.0818	0.531	0.0	0.0	0.0	0.0
0.1764	-0.4943	-0.0818	0.5311	0.0	0.0	0.0	0.0
0.1765	-0.494	-0.0817	0.5309	0.0	0.0	0.0	0.0
0.1766	-0.494	-0.082	0.531	0.0	0.0	0.0	0.0
0.1767	-0.4941	-0.082	0.5311	0.0	0.0	0.0	0.0
0.1767	-0.4942	-0.0823	0.5313	0.0	0.0	0.0	0.0
0.1765	-0.4943	-0.0823	0.5312	0.0	0.0	0.0	0.0
0.1765	-0.4944	-0.0822	0.5313	0.0	0.0	0.0	0.0
0.1766	-0.4944	-0.0822	0.5314	0.0	0.0	0.0	0.0
0.1767	-0.4945	-0.0822	0.5315	0.0	0.0	0.0	0.0
0.1764	-0.4942	-0.0821	0.5311	0.0	0.0	0.0	0.0
0.1761	-0.4939	-0.0821	0.5308	0.0	0.0	0.0	0.0
0.1762	-0.494	-0.082	0.5309	0.0	0.0	0.0	0.0
0.1763	-0.4937	-0.0824	0.5306	0.0	0.0	0.0	0.0
0.1764	-0.4937	-0.0827	0.5308	0.0	0.0	0.0	0.0
0.1764	-0.4938	-0.0826	0.5308	0.0	0.0	0.0	0.0
0.1765	-0.4943	-0.0826	0.5313	0.0	0.0	0.0	0.0
0.1766	-0.4944	-0.0829	0.5315	0.0	0.0	0.0	0.0
0.1763	-0.4945	-0.0829	0.5315	0.0	0.0	0.0	0.0
0.1764	-0.4946	-0.0829	0.5316	0.0	0.0	0.0	0.0
0.1764	-0.4946	-0.0828	0.5317	0.0	0.0	0.0	0.0
0.1765	-0.4943	-0.0831	0.5314	0.0	0.0	0.0	0.0
0.1766	-0.4941	-0.0834	0.5313	0.0	0.0	0.0	0.0
0.1767	-0.4937	-0.0833	0.531	0.0	0.0	0.0	0.0
0.1768	-0.4934	-0.0833	0.5307	0.0	0.0	0.0	0.0
0.1768	-0.4935	-0.0832	0.5308	0.0	0.0	0.0	0.0
0.1766	-0.4939	-0.0831	0.531	0.0	0.0	0.0	0.0
0.1766	-0.4945	-0.0829	0.5316	0.0	0.0	0.0	0.0
0.1764	-0.4945	-0.0828	0.5315	0.0	0.0	0.0	0.0
0.1765	-0.4946	-0.0828	0.5316	0.0	0.0	0.0	0.0
0.1766	-0.4947	-0.0831	0.5318	0.0	0.0	0.0	0.0
0.1766	-0.4943	-0.0834	0.5315	0.0	0.0	0.0	0.0
0.1767	-0.4941	-0.0833	0.5313	0.0	0.0	0.0	0.0
0.1768	-0.4937	-0.0835	0.5311	0.0	0.0	0.0	0.0
0.1769	-0.4934	-0.0838	0.5308	0.0	0.0	0.0	0.0
0.177	-0.4931	-0.0836	0.5305	0.0	0.0	0.0	0.0
0.1771	-0.4932	-0.0835	0.5306	0.0	0.0	0.0	0.0
0.1771	-0.4932	-0.0837	0.5307	0.0	0.0	0.0	0.0
0.1772	-0.4933	-0.0836	0.5308	0.0	0.0	0.0	0.0
0.1773	-0.4934	-0.0835	0.5309	0.0	0.0	0.0	0.0
0.1774	-0.4935	-0.0837	0.531	0.0	0.0	0.0	0.0
0.1774	-0.4936	-0.0836	0.5311	0.0	0.0	0.0	0.0
0.1775	-0.4936	-0.0834	0.5312	0.0	0.0	0.0	0.0
0.1776	-0.4937	-0.0833	0.5313	0.0	0.0	0.0	0.0
0.1777	-0.4938	-0.0832	0.5313	0.0	0.0	0.0	0.0
0.1773	-0.4939	-0.0831	0.5313	0.0	0.0	0.0	0.0
0.177	-0.4939	-0.083	0.5312	0.0	0.0	0.0	0.0
0.1771	-0.494	-0.0832	0.5314	0.0	0.0	0.0	0.0
0.1772	-0.4937	-0.0831	0.5311	0.0	0.0	0.0	0.0
0.1773	-0.4938	-0.0833	0.5312	0.0	0.0	0.0	0.0
0.177	-0.4935	-0.0832	0.5309	0.0	0.0	0.0	0.0
0.1771	-0.4936	-0.0834	0.531	0.0	0.0	0.0	0.0
0.1772	-0.4932	-0.0833	0.5306	0.0	0.0	0.0	0.0
0.1773	-0.4933	-0.0835	0.5308	0.0	0.0	0.0	0.0
0.1773	-0.4934	-0.0834	0.5309	0.0	0.0	0.0	0.0
0.177	-0.4934	-0.0833	0.5308	0.0	0.0	0.0	0.0
0.1771	-0.4935	-0.0832	0.5309	0.0	0.0	0.0	0.0
0.1768	-0.4932	-0.0834	0.5305	0.0	0.0	0.0	0.0
0.1769	-0.4929	-0.0833	0.5302	0.0	0.0	0.0	0.0
0.1769	-0.493	-0.0835	0.5304	0.0	0.0	0.0	0.0
0.177	-0.493	-0.0834	0.5305	0.0	0.0	0.0	0.0
0.1771	-0.4931	-0.0836	0.5306	0.0	0.0	0.0	0.0
0.1772	-0.4928	-0.0835	0.5303	0.0	0.0	0.0	0.0
0.1773	-0.4929	-0.0834	0.5304	0.0	0.0	0.0	0.0
0.1769	-0.493	-0.0836	0.5304	0.0	0.0	0.0	0.0
0.177	-0.493	-0.0835	0.5305	0.0	0.0	0.0	0.0
0.1771	-0.4931	-0.0834	0.5306	0.0	0.0	0.0	0.0
0.1772	-0.4928	-0.0833	0.5302	0.0	0.0	0.0	0.0
0.1773	-0.4925	-0.0835	0.53	0.0	0.0	0.0	0.0
0.1769	-0.4925	-0.0834	0.53	0.0	0.0	0.0	0.0
0.177	-0.4926	-0.0837	0.5301	0.0	0.0	0.0	0.0
0.1775	-0.4927	-0.0839	0.5304	0.0	0.0	0.0	0.0
0.1775	-0.4928	-0.0841	0.5305	0.0	0.0	0.0	0.0
0.1776	-0.4929	-0.084	0.5306	0.0	0.0	0.0	0.0
0.1777	-0.4929	-0.0839	0.5307	0.0	0.0	0.0	0.0
0.1778	-0.493	-0.0837	0.5307	0.0	0.0	0.0	0.0
0.1775	-0.4931	-0.084	0.5308	0.0	0.0	0.0	0.0
0.1776	-0.4932	-0.0834	0.5308	0.0	0.0	0.0	0.0
0.1773	-0.4929	-0.0833	0.5304	0.0	0.0	0.0	0.0
0.1769	-0.4929	-0.0836	0.5304	0.0	0.0	0.0	0.0
0.177	-0.493	-0.0835	0.5304	0.0	0.0	0.0	0.0
0.1771	-0.4931	-0.0833	0.5305	0.0	0.0	0.0	0.0
0.1772	-0.4932	-0.0832	0.5306	0.0	0.0	0.0	0.0
0.1773	-0.4932	-0.0834	0.5307	0.0	0.0	0.0	0.0
0.1781	-0.4929	-0.0833	0.5307	0.0	0.0	0.0	0.0
0.1774	-0.4926	-0.0832	0.5302	0.0	0.0	0.0	0.0
0.1771	-0.4923	-0.0835	0.5298	0.0	0.0	0.0	0.0
0.1771	-0.4924	-0.0833	0.5299	0.0	0.0	0.0	0.0
0.1764	-0.4925	-0.0832	0.5297	0.0	0.0	0.0	0.0
0.1769	-0.4925	-0.0831	0.5299	0.0	0.0	0.0	0.0
0.1773	-0.4926	-0.083	0.5301	0.0	0.0	0.0	0.0
0.177	-0.4927	-0.0829	0.53	0.0	0.0	0.0	0.0
0.1767	-0.4932	-0.0831	0.5304	0.0	0.0	0.0	0.0
0.1763	-0.4932	-0.083	0.5303	0.0	0.0	0.0	0.0
0.1768	-0.4933	-0.0832	0.5306	0.0	0.0	0.0	0.0
0.1769	-0.4934	-0.0835	0.5308	0.0	0.0	0.0	0.0
0.1766	-0.4935	-0.0834	0.5307	0.0	0.0	0.0	0.0
0.1771	-0.4931	-0.0836	0.5306	0.0	0.0	0.0	0.0
0.1771	-0.4932	-0.0835	0.5307	0.0	0.0	0.0	0.0
0.1772	-0.4929	-0.0834	0.5304	0.0	0.0	0.0	0.0
0.1769	-0.493	-0.0833	0.5303	0.0	0.0	0.0	0.0
0.177	-0.4931	-0.0835	0.5305	0.0	0.0	0.0	0.0
0.1771	-0.4931	-0.0834	0.5306	0.0	0.0	0.0	0.0
0.1768	-0.4928	-0.0837	0.5302	0.0	0.0	0.0	0.0
0.1768	-0.4929	-0.0839	0.5303	0.0	0.0	0.0	0.0
0.1769	-0.493	-0.0838	0.5304	0.0	0.0	0.0	0.0
0.177	-0.493	-0.0837	0.5305	0.0	0.0	0.0	0.0
0.1771	-0.4931	-0.0836	0.5306	0.0	0.0	0.0	0.0
0.1771	-0.4932	-0.083	0.5306	0.0	0.0	0.0	0.0
0.1772	-0.4929	-0.0829	0.5303	0.0	0.0	0.0	0.0
0.1769	-0.4926	-0.0831	0.53	0.0	0.0	0.0	0.0
0.177	-0.4923	-0.083	0.5297	0.0	0.0	0.0	0.0
0.1771	-0.492	-0.0832	0.5295	0.0	0.0	0.0	0.0
0.1772	-0.492	-0.0835	0.5296	0.0	0.0	0.0	0.0
0.1769	-0.4921	-0.0834	0.5296	0.0	0.0	0.0	0.0
0.177	-0.4922	-0.0833	0.5296	0.0	0.0	0.0	0.0
0.1767	-0.4923	-0.0828	0.5295	0.0	0.0	0.0	0.0
0.1767	-0.4923	-0.0827	0.5296	0.0	0.0	0.0	0.0
0.1765	-0.4924	-0.0826	0.5296	0.0	0.0	0.0	0.0
0.1765	-0.4925	-0.0824	0.5296	0.0	0.0	0.0	0.0
0.1766	-0.4922	-0.0827	0.5294	0.0	0.0	0.0	0.0
0.1767	-0.4922	-0.0829	0.5295	0.0	0.0	0.0	0.0
0.1764	-0.4923	-0.0828	0.5295	0.0	0.0	0.0	0.0
0.1765	-0.4924	-0.0827	0.5295	0.0	0.0	0.0	0.0
0.1762	-0.4925	-0.0826	0.5295	0.0	0.0	0.0	0.0
0.1763	-0.4921	-0.0824	0.5292	0.0	0.0	0.0	0.0
0.1763	-0.4922	-0.0823	0.5293	0.0	0.0	0.0	0.0
0.1764	-0.4923	-0.0826	0.5294	0.0	0.0	0.0	0.0
0.1769	-0.4924	-0.0828	0.5297	0.0	0.0	0.0	0.0
0.1769	-0.4925	-0.0827	0.5298	0.0	0.0	0.0	0.0
0.177	-0.4922	-0.0826	0.5295	0.0	0.0	0.0	0.0
0.1771	-0.4923	-0.0828	0.5297	0.0	0.0	0.0	0.0
0.1772	-0.4924	-0.0827	0.5298	0.0	0.0	0.0	0.0
0.1772	-0.4924	-0.0826	0.5298	0.0	0.0	0.0	0.0
0.1773	-0.4925	-0.0825	0.5299	0.0	0.0	0.0	0.0
0.1774	-0.4926	-0.0824	0.53	0.0	0.0	0.0	0.0
0.1775	-0.4927	-0.0823	0.5301	0.0	0.0	0.0	0.0
0.1775	-0.4928	-0.0821	0.5302	0.0	0.0	0.0	0.0
0.1776	-0.4925	-0.082	0.5299	0.0	0.0	0.0	0.0
0.1777	-0.4921	-0.0823	0.5297	0.0	0.0	0.0	0.0
0.1778	-0.4922	-0.0825	0.5298	0.0	0.0	0.0	0.0
0.1779	-0.4923	-0.0824	0.5299	0.0	0.0	0.0	0.0
0.178	-0.492	-0.0826	0.5297	0.0	0.0	0.0	0.0
0.178	-0.4921	-0.0825	0.5298	0.0	0.0	0.0	0.0
0.1781	-0.4918	-0.0823	0.5295	0.0	0.0	0.0	0.0
0.1782	-0.4919	-0.0822	0.5296	0.0	0.0	0.0	0.0
0.1783	-0.4919	-0.0821	0.5296	0.0	0.0	0.0	0.0
0.1783	-0.492	-0.082	0.5297	0.0	0.0	0.0	0.0
0.178	-0.4921	-0.0819	0.5297	0.0	0.0	0.0	0.0
0.1781	-0.4922	-0.0818	0.5298	0.0	0.0	0.0	0.0
0.1782	-0.4923	-0.0817	0.5298	0.0	0.0	0.0	0.0
0.1782	-0.492	-0.0817	0.5296	0.0	0.0	0.0	0.0
0.1779	-0.4921	-0.0816	0.5296	0.0	0.0	0.0	0.0
0.1783	-0.4921	-0.0816	0.5298	0.0	0.0	0.0	0.0
0.178	-0.4918	-0.0816	0.5294	0.0	0.0	0.0	0.0
0.1781	-0.4919	-0.0819	0.5295	0.0	0.0	0.0	0.0
0.1782	-0.492	-0.0822	0.5297	0.0	0.0	0.0	0.0
0.1783	-0.4917	-0.0825	0.5295	0.0	0.0	0.0	0.0
0.178	-0.4914	-0.0825	0.5291	0.0	0.0	0.0	0.0
0.178	-0.4914	-0.0828	0.5292	0.0	0.0	0.0	0.0
0.1781	-0.4915	-0.0827	0.5293	0.0	0.0	0.0	0.0
0.1782	-0.4916	-0.0825	0.5294	0.0	0.0	0.0	0.0
0.1779	-0.4917	-0.0824	0.5293	0.0	0.0	0.0	0.0
0.178	-0.4917	-0.0823	0.5294	0.0	0.0	0.0	0.0
0.1781	-0.4918	-0.0822	0.5295	0.0	0.0	0.0	0.0
0.1782	-0.4919	-0.0824	0.5296	0.0	0.0	0.0	0.0
0.1782	-0.492	-0.0823	0.5297	0.0	0.0	0.0	0.0
0.1783	-0.4921	-0.0826	0.5299	0.0	0.0	0.0	0.0
0.178	-0.4921	-0.0825	0.5298	0.0	0.0	0.0	0.0
0.1777	-0.4918	-0.0823	0.5294	0.0	0.0	0.0	0.0
0.1778	-0.4919	-0.0822	0.5295	0.0	0.0	0.0	0.0
0.1779	-0.4916	-0.0821	0.5292	0.0	0.0	0.0	0.0
0.1776	-0.4917	-0.0823	0.5292	0.0	0.0	0.0	0.0
0.1777	-0.4917	-0.0822	0.5293	0.0	0.0	0.0	0.0
0.1778	-0.4918	-0.0821	0.5294	0.0	0.0	0.0	0.0
0.1778	-0.4915	-0.082	0.5291	0.0	0.0	0.0	0.0
0.1775	-0.4916	-0.0819	0.529	0.0	0.0	0.0	0.0
0.1772	-0.4917	-0.0817	0.529	0.0	0.0	0.0	0.0
0.1773	-0.4917	-0.0817	0.5291	0.0	0.0	0.0	0.0
0.1774	-0.4918	-0.0817	0.5292	0.0	0.0	0.0	0.0
0.1774	-0.4919	-0.0816	0.5292	0.0	0.0	0.0	0.0
0.1775	-0.492	-0.0816	0.5293	0.0	0.0	0.0	0.0
0.1776	-0.4917	-0.0819	0.5291	0.0	0.0	0.0	0.0
0.1777	-0.4913	-0.0818	0.5289	0.0	0.0	0.0	0.0
0.1778	-0.491	-0.0818	0.5286	0.0	0.0	0.0	0.0
0.1778	-0.4911	-0.0818	0.5287	0.0	0.0	0.0	0.0
0.1779	-0.4908	-0.0817	0.5284	0.0	0.0	0.0	0.0
0.178	-0.4909	-0.0817	0.5285	0.0	0.0	0.0	0.0
0.1781	-0.491	-0.0816	0.5286	0.0	0.0	0.0	0.0
0.1781	-0.491	-0.0816	0.5287	0.0	0.0	0.0	0.0
0.1782	-0.4911	-0.0816	0.5288	0.0	0.0	0.0	0.0
0.1783	-0.4908	-0.0815	0.5285	0.0	0.0	0.0	0.0
0.178	-0.4909	-0.0818	0.5285	0.0	0.0	0.0	0.0
0.1781	-0.4905	-0.0822	0.5283	0.0	0.0	0.0	0.0
0.1778	-0.4903	-0.0825	0.528	0.0	0.0	0.0	0.0
0.1779	-0.4903	-0.0824	0.5281	0.0	0.0	0.0	0.0
0.178	-0.4904	-0.0824	0.5282	0.0	0.0	0.0	0.0
0.1781	-0.4905	-0.0823	0.5283	0.0	0.0	0.0	0.0
0.1781	-0.4906	-0.0823	0.5284	0.0	0.0	0.0	0.0
0.1782	-0.4907	-0.0823	0.5285	0.0	0.0	0.0	0.0
0.1783	-0.4907	-0.0822	0.5285	0.0	0.0	0.0	0.0
0.1784	-0.4908	-0.0822	0.5286	0.0	0.0	0.0	0.0
0.178	-0.4909	-0.0822	0.5286	0.0	0.0	0.0	0.0
0.1777	-0.4906	-0.0825	0.5283	0.0	0.0	0.0	0.0
0.1778	-0.4903	-0.0828	0.528	0.0	0.0	0.0	0.0
0.1779	-0.4903	-0.0827	0.5281	0.0	0.0	0.0	0.0
0.178	-0.4904	-0.0827	0.5282	0.0	0.0	0.0	0.0
0.1781	-0.4905	-0.0827	0.5283	0.0	0.0	0.0	0.0
0.1781	-0.4906	-0.0822	0.5283	0.0	0.0	0.0	0.0
0.1782	-0.4907	-0.0822	0.5285	0.0	0.0	0.0	0.0
0.1779	-0.4907	-0.0825	0.5285	0.0	0.0	0.0	0.0
0.178	-0.4904	-0.0824	0.5282	0.0	0.0	0.0	0.0
0.1781	-0.4905	-0.0824	0.5283	0.0	0.0	0.0	0.0
0.1782	-0.4902	-0.0827	0.5281	0.0	0.0	0.0	0.0
0.1783	-0.4902	-0.083	0.5282	0.0	0.0	0.0	0.0
0.1784	-0.49	-0.0833	0.528	0.0	0.0	0.0	0.0
0.1784	-0.49	-0.0836	0.5282	0.0	0.0	0.0	0.0
0.1785	-0.4897	-0.0836	0.5279	0.0	0.0	0.0	0.0
0.1786	-0.4894	-0.0836	0.5276	0.0	0.0	0.0	0.0
0.1787	-0.4896	-0.0834	0.5278	0.0	0.0	0.0	0.0
0.1788	-0.4898	-0.0833	0.528	0.0	0.0	0.0	0.0
0.1791	-0.4899	-0.0835	0.5282	0.0	0.0	0.0	0.0
0.1788	-0.49	-0.0837	0.5283	0.0	0.0	0.0	0.0
0.1789	-0.4902	-0.084	0.5285	0.0	0.0	0.0	0.0
0.1793	-0.4903	-0.0838	0.5287	0.0	0.0	0.0	0.0
0.1794	-0.4901	-0.0837	0.5285	0.0	0.0	0.0	0.0
0.1795	-0.4901	-0.0836	0.5286	0.0	0.0	0.0	0.0
0.1795	-0.4899	-0.0835	0.5284	0.0	0.0	0.0	0.0
0.1792	-0.49	-0.083	0.5283	0.0	0.0	0.0	0.0
0.1789	-0.4902	-0.0829	0.5283	0.0	0.0	0.0	0.0
0.1786	-0.4903	-0.0831	0.5284	0.0	0.0	0.0	0.0
0.1787	-0.4904	-0.0833	0.5286	0.0	0.0	0.0	0.0
0.1788	-0.4901	-0.0832	0.5283	0.0	0.0	0.0	0.0
0.1792	-0.4902	-0.0831	0.5285	0.0	0.0	0.0	0.0
0.1793	-0.4903	-0.083	0.5286	0.0	0.0	0.0	0.0
0.1797	-0.4903	-0.0829	0.5288	0.0	0.0	0.0	0.0
0.1794	-0.4904	-0.0828	0.5287	0.0	0.0	0.0	0.0
0.1791	-0.4905	-0.0826	0.5287	0.0	0.0	0.0	0.0
0.1792	-0.4901	-0.0825	0.5284	0.0	0.0	0.0	0.0
0.1793	-0.4902	-0.0824	0.5284	0.0	0.0	0.0	0.0
0.179	-0.4899	-0.0826	0.5281	0.0	0.0	0.0	0.0
0.1791	-0.4896	-0.0829	0.5278	0.0	0.0	0.0	0.0
0.1792	-0.4896	-0.0831	0.528	0.0	0.0	0.0	0.0
0.1792	-0.4897	-0.083	0.528	0.0	0.0	0.0	0.0
0.1793	-0.4898	-0.0829	0.5281	0.0	0.0	0.0	0.0
0.1794	-0.4899	-0.0827	0.5282	0.0	0.0	0.0	0.0
0.1795	-0.4899	-0.0826	0.5283	0.0	0.0	0.0	0.0
0.1795	-0.49	-0.0828	0.5284	0.0	0.0	0.0	0.0
0.1796	-0.4901	-0.0827	0.5285	0.0	0.0	0.0	0.0
0.1797	-0.4898	-0.0829	0.5283	0.0	0.0	0.0	0.0
0.1798	-0.4899	-0.0828	0.5283	0.0	0.0	0.0	0.0
0.1799	-0.4896	-0.0831	0.5281	0.0	0.0	0.0	0.0
0.1795	-0.4896	-0.0829	0.5281	0.0	0.0	0.0	0.0
0.1796	-0.4897	-0.0828	0.5281	0.0	0.0	0.0	0.0
0.1797	-0.4898	-0.0827	0.5282	0.0	0.0	0.0	0.0
0.1798	-0.4895	-0.0826	0.5279	0.0	0.0	0.0	0.0
0.1795	-0.4896	-0.0825	0.5279	0.0	0.0	0.0	0.0
0.1795	-0.4896	-0.0824	0.528	0.0	0.0	0.0	0.0
0.1796	-0.4897	-0.0822	0.5281	0.0	0.0	0.0	0.0
0.1797	-0.4894	-0.0821	0.5278	0.0	0.0	0.0	0.0
0.1794	-0.4891	-0.082	0.5274	0.0	0.0	0.0	0.0
0.1794	-0.4892	-0.0819	0.5274	0.0	0.0	0.0	0.0
0.1795	-0.4892	-0.0818	0.5275	0.0	0.0	0.0	0.0
0.1796	-0.4893	-0.0817	0.5276	0.0	0.0	0.0	0.0
0.1797	-0.489	-0.0817	0.5274	0.0	0.0	0.0	0.0
0.1798	-0.4891	-0.0816	0.5275	0.0	0.0	0.0	0.0
0.1798	-0.4892	-0.0816	0.5276	0.0	0.0	0.0	0.0
0.1799	-0.4893	-0.082	0.5277	0.0	0.0	0.0	0.0
0.18	-0.489	-0.0819	0.5275	0.0	0.0	0.0	0.0
0.1801	-0.4891	-0.0819	0.5276	0.0	0.0	0.0	0.0
0.1802	-0.4892	-0.0818	0.5277	0.0	0.0	0.0	0.0
0.1802	-0.4893	-0.0818	0.5278	0.0	0.0	0.0	0.0
0.1803	-0.4893	-0.0818	0.5279	0.0	0.0	0.0	0.0
0.1804	-0.4894	-0.0817	0.528	0.0	0.0	0.0	0.0
0.1805	-0.4895	-0.0817	0.528	0.0	0.0	0.0	0.0
0.1805	-0.4892	-0.0816	0.5278	0.0	0.0	0.0	0.0
0.1806	-0.4889	-0.0816	0.5275	0.0	0.0	0.0	0.0
0.1807	-0.4889	-0.0815	0.5276	0.0	0.0	0.0	0.0
0.1808	-0.4886	-0.0815	0.5273	0.0	0.0	0.0	0.0
0.1809	-0.4883	-0.0815	0.5271	0.0	0.0	0.0	0.0
0.1805	-0.4884	-0.0814	0.527	0.0	0.0	0.0	0.0
0.1806	-0.4885	-0.0814	0.5271	0.0	0.0	0.0	0.0
0.1807	-0.4886	-0.0814	0.5272	0.0	0.0	0.0	0.0
0.1808	-0.4886	-0.0817	0.5274	0.0	0.0	0.0	0.0
0.1805	-0.4883	-0.082	0.527	0.0	0.0	0.0	0.0
0.1806	-0.4884	-0.0823	0.5272	0.0	0.0	0.0	0.0
0.1806	-0.4885	-0.0823	0.5273	0.0	0.0	0.0	0.0
0.1807	-0.4886	-0.0826	0.5274	0.0	0.0	0.0	0.0
0.1804	-0.4886	-0.0825	0.5274	0.0	0.0	0.0	0.0
0.1809	-0.4892	-0.0829	0.5281	0.0	0.0	0.0	0.0
0.1806	-0.4892	-0.0828	0.528	0.0	0.0	0.0	0.0
0.1807	-0.4893	-0.0828	0.5281	0.0	0.0	0.0	0.0
0.1808	-0.489	-0.0828	0.5279	0.0	0.0	0.0	0.0
0.1808	-0.4886	-0.0827	0.5276	0.0	0.0	0.0	0.0
0.1809	-0.4887	-0.0827	0.5276	0.0	0.0	0.0	0.0
0.1806	-0.4884	-0.0826	0.5272	0.0	0.0	0.0	0.0
0.1807	-0.4881	-0.0826	0.5269	0.0	0.0	0.0	0.0
0.1804	-0.4881	-0.0832	0.527	0.0	0.0	0.0	0.0
0.1801	-0.4878	-0.0839	0.5267	0.0	0.0	0.0	0.0
0.1802	-0.4879	-0.0842	0.5269	0.0	0.0	0.0	0.0
0.1799	-0.4883	-0.0844	0.5272	0.0	0.0	0.0	0.0
0.1804	-0.4884	-0.0843	0.5275	0.0	0.0	0.0	0.0
0.1804	-0.4885	-0.0842	0.5275	0.0	0.0	0.0	0.0
0.1805	-0.4886	-0.0841	0.5276	0.0	0.0	0.0	0.0
0.1806	-0.4887	-0.0839	0.5277	0.0	0.0	0.0	0.0
0.1807	-0.4883	-0.0838	0.5274	0.0	0.0	0.0	0.0
0.1804	-0.488	-0.084	0.5271	0.0	0.0	0.0	0.0
0.1808	-0.4881	-0.0842	0.5273	0.0	0.0	0.0	0.0
0.1809	-0.4882	-0.0841	0.5274	0.0	0.0	0.0	0.0
0.181	-0.4883	-0.084	0.5275	0.0	0.0	0.0	0.0
